Titulo,Genero
Iniciação ao Estudo da Administração,Administracao
Iniciação a Administração geral,Administracao
Iniciação a Administração de pessoal,Administracao
Administração de Materiais,Administracao
Gestão Ambiental na Empresa,Administracao
50 Casos Reais de Administração,Administracao
Administrando para o Futuro (os anos 90 e a virada do século),Administracao
Prática da Administração de empresas,Administracao
Administração: introdução ao estudo,Administracao
Trazendo os princípios de Deming da sala de aula para a empresa,Administracao
Gestão Empresarial: de Taylor aos nossos dias,Administracao
Incrível atendimento ao aluno,Administracao
Administração Estratégica de Serviços: operações para a satisfação do aluno,Administracao
Jogos de Empresa,Administracao
Administração dos fluxos Materiais e de Produtos,Administracao
Comportamento Humano nas Organizações,Administracao
Empresa competitiva ecológica,Administracao
A arte da guerra para executivos,Administracao
Introdução à Administração,Administracao
História da Administração,Administracao
Administração de Projetos: Como transformar idéias em resultados,Administracao
Tercerização: uma abordagem estratégica,Administracao
Como obter e manter o sucesso no varejo,Administracao
Empresabilidade,Administracao
Administração e Controle,Administracao
Os novos paradigmas,Administracao
O lado humano da qualidade,Administracao
Motivação e resultados,Administracao
Finanças no varejo,Administracao
Aprenda a delegar com eficiência,Administracao
Manual de consultoria empresarial,Administracao
Sistemas de informações gerenciais,Administracao
Teoria Z,Administracao
Projetos de estágio e de pesquisa em administração,Administracao
Teoria Geral da Administração,Administracao
Sistemas de Informação,Administracao
Supermercados no Brasil:,Administracao
A natureza do processo administrativo,Administracao
ISO 14001 - Manual de Implantação,Administracao
Iniciando os conceitos da qualidade total,Administracao
Teoria Geral da Administração : da escola...,Administracao
Introdução à administração da produção e operações,Administracao
Administração: mudanças e perspectivas,Administracao
Comportamento organizacional,Administracao
Redes de pequenas e médias empresas e desenvolvimento local,Administracao
Aprendizagem organizacional em tempos de mudança,Administracao
Por que os gerentes falham,Administracao
Perguntas e Respostas para a administração de...,Administracao
Sistemas de informações para tomada de decisões,Administracao
Os ciclos de vida das organizações: como...,Administracao
Gerenciamento da Informação: um recurso estratégico ...,Administracao
O estilo Brasileiro de administrar,Administracao
Administração por exceções,Administracao
Introduçâo à Teoria Geral da Administração,Administracao
Administração: construindo vantagem competitiva,Administracao
Como salvar o seu emprego,Administracao
Administração de Marketing,Administracao
Matsukita: lições de liderança para o próximo milênio,Administracao
Fortalecendo sua equipe de Vendas,Administracao
Os caminhos da qualidade: como vencer os desafios da economia global,Administracao
Sedução dos modismos: adoção indiscriminada de novas práticas gerenciais,Administracao
Personalizando produtos e serviços customização maciça,Administracao
Administração de Recursos humanos,Administracao
O processo administrativo,Administracao
Elementos de Administração,Administracao
Administração estratégica,Administracao
Administração de volta às origens: arte perdida da liderança,Administracao
Fundamentos de planejamento do produto,Administracao
Introdução à administração de empresas,Administracao
Administração: análise dos erros administrativos,Administracao
Liderança para o sucesso deixe de ser chefe para se tornar lider,Administracao
Inovação e Espírito empreendedor,Administracao
Iniciação à organização e controle,Administracao
Iniciação à oganização e técnica comercial,Administracao
O computador na administração de empresas,Administracao
Administração de Pessoal,Administracao
Introdução àdministração de empresas,Administracao
O que todos devem saber sobre Bancos: o banco e suas funções,Administracao
Implantando a administração estratégica,Administracao
Imagens da organização,Administracao
A Administração entre a tradição e a Renovação,Administracao
Estudos organizacionais modelos de análise e novas questões em estudos organizacionais,Administracao
Gestão da Mudança: caos e complexidades nas organizações,Administracao
Criando organizações eficazes : estruturas em cinco configurações,Administracao
Teoria e projeto das organizações,Administracao
Teoria geral da Adiministração,Administracao
Gestão Empresarial,Administracao
Teoria das Organizações: Evolução e Crítica,Administracao
Manual de organização Sistemas e Métodos: abordagem teórica da engenharia da informação,Administracao
A quinta disciplina: arte e práticas,Administracao
Comportamento humano nos organizações: o homem rumo ao século XXI,Administracao
Métodos Estatísticos para melhoria da Qualidade,Administracao
Manual de treinamento e desenvolvimento,Administracao
Super Project Plus: guia do usuário,Administracao
Os mais relevantes projetos de conc. dos cursos de MBAS de 2002,Administracao
Administração Estratégica: Planejamento e implatação da estratégica,Administracao
Administração,Administracao
Criando organizações eficazes: estruturas em cinco configurações,Administracao
Finanças corporativas e valor,Administracao
Liderança e dinâmica de grupo: ciência da administração,Administracao
Princípios de Administração,Administracao
Administração de Materiais e Recursos Patrimoniais,Administracao
Análise financeira de balanço: abordagem básica e gerencial,Administracao
Administração de recursos materiais e patrimoniais: uma abordagem logística,Administracao
Administração de materiais e do patrimônio,Administracao
Logísitica Empresarial: transportes administração de materiais e distribuição física,Administracao
Logística Empresarial,Administracao
Qualidade total em serviços,Administracao
TQC Controle da qualidade total no estilo japonês,Administracao
Gerência da qualidade total,Administracao
Administração de sistemas,Administracao
Ação Administrativa : as técnicas de organização e gerência,Administracao
O caminho do deming para a qualidade e produtividade,Administracao
Gerenciando a Qualidade: a visão estratégica e competitiva,Administracao
Prosperando no caos,Administracao
Benchmarking: o caminho da qualidade total,Administracao
Reengenharia:revolucionando a empresa em função dos alunos,Administracao
O sistema de preços e a alocação de recursos,Administracao
Problemas sobre teoria dos preços,Administracao
Atreva-se a ser o líder,Administracao
Competindo contra o tempo,Administracao
Como conquistar um ótimo emprego,Administracao
Análise e Administração Financeira,Administracao
Contabilidade Empresarial,Administracao
introdução à Administração financeira,Administracao
tempestade sobre as multinacionais,Administracao
TQC Controle da Qualidade Total,Administracao
Administração Contemporânea,Administracao
Principios de Administração Financeira,Administracao
Análise das demonstrações financeiras,Administracao
Organização de Eventos e Solenidades,Administracao
Organização de Eventos,Administracao
Criatividade em eventos,Administracao
Aprendizagem e inovação Organizacional,Administracao
manual de organização de eventos,Administracao
Administração de carreiras,Administracao
Administração hospitalar,Administracao
Produtividade e ambiente de trabalho: gestão de pessoas e carreira,Administracao
Modelos de gestão,Administracao
Como organizar e administrar uma cooperativa,Administracao
Nova Estrutura reinventando sua empresa,Administracao
Negócios sociais sustentáveis,Administracao
Responsabilidade social e governança,Administracao
Elementos de comportamento organizacional,Administracao
Teoria Geral da Administração para o século XXI,Administracao
Programa de Qualidade Geral  - PQC,Administracao
Virando a própria mesa,Administracao
Programa de Qualidade Geral PQC,Administracao
Votorantim 90 anos: uma história de trabalho,Administracao
Teorias da Administração,Administracao
Logística na cadeia de suprimentos,Administracao
Construindo Planos de Negócios,Administracao
Fundamentos de Administração,Administracao
Controladoria Estratégica e Operacional,Administracao
Manual de terceirização,Administracao
Qualidade de vida e desenvolvimento econômico sustentável em santos,Administracao
A prática do planejamento participativo,Administracao
Wassily Kandinsky: a revolução da Pintura,Artes
Desenhando com o lado direito do cérebro,Artes
Edward Hopper: transformação do real,Artes
O pintor que pintou o sete,Artes
Reviver nossa arte,Artes
Minimalismo,Artes
CHRISTIE'S,Artes
300 propostas de artes visuais,Artes
A pintura: O mito da pintura V. 01/ A teologia da imagem e o estatuto da pintura v. 02,Artes
Curso de Desenhos e Pintura: pintura a óleo técnicas básicas,Artes
A Arte da Felicidade no trabalho sua santidade,Artes
Brasileiros brazilians: o olhar andarilho de Araquém Alcântara,Artes
Painting China for Pleasure and Profit,Artes
Seventeenth and Eighteenth Century French Porcelain,Artes
Croquis de Pagu,Artes
A construção do espetáculo,Artes
Os movimentos pop,Artes
Museu do Prado (Madrid),Artes
National Gallery (Londres),Artes
Museu do Louvre Paris,Artes
Museu Egípcio (Cairo),Artes
British Museum (Londres),Artes
Metropolitan Museum of art (Nova York),Artes
Museu D'Orsay (Paris),Artes
Museu de Arte de São Paulo - Assis Chateaubriand - MASP,Artes
Museu Arqueológico Nacional (Atenas),Artes
Galeria Uffizi (Florença),Artes
Pinacoteca do Estado de São Paulo (São Paulo),Artes
Museu Van Gogh (Amsterdã),Artes
Museu de História  da Arte,Artes
national Gallery of Art (Washington),Artes
Gemäldegalerie (Berlim),Artes
Museu Hermitage (São Petersburgo),Artes
Rijksmuseum,Artes
Museu Pushkin,Artes
Galerias da Academia (Veneza),Artes
Alte Pinakothek,Artes
Salvador Dali,Artes
Van Gogh,Artes
Hysteria – grupo XIX de Teatro,Artes
Iniciação ao Teatro,Artes
Pequena viagem pelo mundo da arte,Artes
O Brasil: da terra encantada à aldeia global,Artes
Pão de Açúcar,Artes
Pantanal,Artes
Fundamentos da Biologia Moderna,Biologia
Fundamentos da Biologia Moderna - vol único,Biologia
Atlas animais,Biologia
Biologia: Os seres Vivos,Biologia
Biologia do Organismos,Biologia
Biologia,Biologia
Biologia Hoje,Biologia
Biologia em Foco,Biologia
Biologia: Uma abordagem evolutiva e ecológica,Biologia
Biologia: A diversidade dos Sseres Vivos,Biologia
Biologia: Como se originam os seres vivos,Biologia
Biologia: forma e função,Biologia
Diversidade de plantas e animais,Biologia
Endocrinologia Bioquímica dos Vertebrados,Biologia
Biologia Viva,Biologia
Comportamento Animal,Biologia
Animais Pré-Históricos,Biologia
Biologia: Origem da Vida e Citologia,Biologia
Biologia: invertebrados,Biologia
Biologia Geral,Biologia
Bio 2 - Seres Vivos,Biologia
Diversidade Animal,Biologia
Biologia 3: Seres Vivos,Biologia
Biologia Ciência da Vida: Seres Vivos,Biologia
Bio - Introdução a Biologia,Biologia
Biologia - Seres Vivos,Biologia
Fisiologia Vegetal,Biologia
Zoologia,Biologia
Programas de Saúde,Biologia
Biologia 2: Seres Vivos estrutura e função,Biologia
Biologia no terceiro milênio 3,Biologia
Biologia: Programa Completo,Biologia
Ciências Biológicas - 2,Biologia
Biologia básica: Os seres vivos - estrutura e funções,Biologia
Atlas de anatomia humana,Biologia
O homem fóssil,Biologia
Genética,Biologia
Corpo Humano: funções de nutrição,Biologia
Comportamento Humano,Biologia
Princípios de filosofia animal,Biologia
Biologia - Livro Texto Anglo - Ensino Médio 1ª Série,Biologia
Biologia Livro Texto 3,Biologia
Sobre Vida,Biologia
O homem e seus Genes,Biologia
A dinâmica do corpo humano,Biologia
BIologia das Células,Biologia
Genética do Desenvolvimento,Biologia
Bio: Introdução a Biologia,Biologia
Citologia e Genética,Biologia
Manual do Professor de Biologia,Biologia
O universo: Teoria sobre sua origem e evolução,Biologia
Fundamentos da Biologia,Biologia
Biologia Hoje: Os Seres VIvos,Biologia
Biologia - Manual do Professor,Biologia
Os caminhos da vida  - estrutura e ação,Biologia
A Ciência da Biologia,Biologia
Clonagem: Fatos e Mitos,Biologia
Biologia Atual,Biologia
Biologia: Livro Texto 1ª Série,Biologia
Biologia - Ensino Médio 1ª Série,Biologia
Evolução da Vida,Biologia
Pequena história da medicina brasileira,Biologia
Biologia:  estrutura e funcionamento - Embriologia,Biologia
Ciências Biológicas 1 e 3,Biologia
Hereditariedade,Biologia
Curso básico de biologia,Biologia
Curso de Biologia: Estrutura - Função nos seres vivos,Biologia
Os cromossomos,Biologia
Atlas: O corpo humano,Biologia
Biologia 2,Biologia
15 Anos de Fuvest: Biologia,Biologia
Por dentro do sistema imunológico,Biologia
O Sangue,Biologia
Biologia 1,Biologia
Bio 1,Biologia
Histologia,Biologia
Fisiologia e bioquimica da celula,Biologia
Biologia só testes,Biologia
Curso de Ciências biologicas: Botânica,Biologia
Curso de Ciências biologicas: Zoologia,Biologia
Botânica,Biologia
Biologia: Genética,Biologia
Connais Toi,Biologia
Tratado de minerologia,Biologia
Geologia Generale e applicata all ingegneria,Biologia
Chemistry of organic compounds,Biologia
Ciências Biológicas,Biologia
Biologia programa completo,Biologia
Biologia uma abordagem evolutiva e ecológica,Biologia
Biologia  vol. único,Biologia
Biologia das populações,Biologia
Biologia dos organismos,Biologia
Biologia integrada,Biologia
Biologia: uma  abordagem evolutiva e ecológica,Biologia
Curso de Minerologia,Biologia
Biologia Essencial,Biologia
Vocabulário etimológico de biologia,Biologia
Biologia de olho no mundo do trabalho,Biologia
Dicionário etmológico e circunstanciado de biologia,Biologia
A luz e a vida das plantas,Biologia
Bioquímica da poluição,Biologia
Ecologia das interações entre insetos e plantas,Biologia
Fitocromo e crescimento vegetal,Biologia
As plantas e a água,Biologia
Genética Humana e medicina,Biologia
Animais úteis ao homem,Biologia
O crescimento das árvores,Biologia
os microrganismos e o homem,Biologia
A evolução na biologia moderna,Biologia
Anatomia do vegetal em desenvolvimento,Biologia
O microscópio eletrônico em biologia,Biologia
Fotossíntese,Biologia
Genética e Adaptação,Biologia
O código genético,Biologia
Ecologia Vegetal nos trópicos,Biologia
Biologia: Ciência e tecnologia,Biologia
A teia da vida,Biologia
Biologia ser protagonista,Biologia
biologia uma abordagem evolutiva e ecológia,Biologia
Biologia - programa Completo,Biologia
Ciências Biológias,Biologia
Bio,Biologia
Biologia - Ciência e Tecnologia,Biologia
Biologia1 - Citologia - Histologia,Biologia
Biologia 2 - Seres vivos - Fisiologia,Biologia
Biologia 3 - Genética - Evolução - Ecologia,Biologia
O Polegar do Panda,Biologia
Fanáticos e Sábios,Biologia
Biologia para o Ensino Médio,Biologia
Biologia - Ciência,Biologia
Biologia em contexto,Biologia
Vegetação Brasileira,Biologia
Era verde? ecossistemas brasileiros ameaçados,Biologia
Biologia - volume único,Biologia
Estudo da biodiversidade,Biologia
Biologia: vestibular + enem,Biologia
Wassily Kandinsky: a revolução da Pintura,Artes
Desenhando com o lado direito do cérebro,Artes
Edward Hopper: transformação do real,Artes
O pintor que pintou o sete,Artes
Reviver nossa arte,Artes
Minimalismo,Artes
CHRISTIE'S,Artes
300 propostas de artes visuais,Artes
A pintura: O mito da pintura V. 01/ A teologia da imagem e o estatuto da pintura v. 02,Artes
Curso de Desenhos e Pintura: pintura a óleo técnicas básicas,Artes
A Arte da Felicidade no trabalho sua santidade,Artes
Brasileiros brazilians: o olhar andarilho de Araquém Alcântara,Artes
A construção do espetáculo,Artes
Os movimentos pop,Artes
Museu do Prado (Madrid),Artes
National Gallery (Londres),Artes
Museu do Louvre Paris,Artes
Museu Egípcio (Cairo),Artes
British Museum (Londres),Artes
Metropolitan Museum of art (Nova York),Artes
Museu D'Orsay (Paris),Artes
Museu de Arte de São Paulo - Assis Chateaubriand - MASP,Artes
Museu Arqueológico Nacional (Atenas),Artes
Galeria Uffizi (Florença),Artes
Pinacoteca do Estado de São Paulo (São Paulo),Artes
Museu Van Gogh (Amsterdã),Artes
Museu de História  da Arte,Artes
national Gallery of Art (Washington),Artes
Gemäldegalerie (Berlim),Artes
Museu Hermitage (São Petersburgo),Artes
Rijksmuseum,Artes
Museu Pushkin,Artes
Galerias da Academia (Veneza),Artes
Alte Pinakothek,Artes
Salvador Dali,Artes
Van Gogh,Artes
Hysteria – grupo XIX de Teatro,Artes
Iniciação ao Teatro,Artes
Pequena viagem pelo mundo da arte,Artes
O Brasil: da terra encantada à aldeia global,Artes
Pão de Açúcar,Artes
Pantanal,Artes
Projeto de ensino de Geografia Natureza - Tecnologia - Sociedades,Geografia
Projeto de Ensino de Geografia,Geografia
geografia,Geografia
O novo mapa do mundo,Geografia
Terceiros mundos,Geografia
A nova ordem mundial,Geografia
Navegar é preciso: grandes descobrimentos maritimos europeus,Geografia
Geografia do Brasil,Geografia
Geografia Geral: O espaço natural e socioecomômico,Geografia
Temas da Geografia Mundial,Geografia
A nova Geografia: Estudos de Geografia do Brasil,Geografia
O Espaço Geográfico - Geografia Geral e do Brasil,Geografia
Dinâmica e Contrastes,Geografia
Geografia Crítica,Geografia
Panorama Geográfico do Brasil,Geografia
Geografia Geral: Nova Geopoítica,Geografia
Geografia Geral e do Brasil espaço geografico e globalização,Geografia
Didática de geografia: Memória da Terra,Geografia
Sociedade e Espaço,Geografia
História dos Três Reinos da Natureza,Geografia
geografia: o  homem no espaço global,Geografia
Geografia: paisagem e territorio,Geografia
Frio,Geografia
Calor,Geografia
Brasil: Sociedade e espaço,Geografia
Reforma Agrária: questão de terra ou de gente,Geografia
Grutas da região Cársica de Lagoa Santa - Lapinha,Geografia
Sociedade e espaço: geografia geral e do Brasil,Geografia
Atlas Mundo Atual,Geografia
Demografia brasileira,Geografia
Os Rios e a Floresta: Amazonas e Pará,Geografia
Climatologia do Brasil,Geografia
Nova geografia do Brasil,Geografia
Geografia e participação: as Américas e as regiões polares,Geografia
Geografia: crítica à organização do espaço Brasileiro,Geografia
Geografia da América Latina,Geografia
O espaço geográfico: ensino e representação,Geografia
Imperialismo e fragmentação do espaço,Geografia
Rumo ao Centro - Oeste: o Brasil em regiões,Geografia
O trabalho do geografo no terceiro mundo,Geografia
Exploração submarina,Geografia
Os melhores poemas de Castro Alves,Geografia
Geografia da América: aspectos da geografia da América,Geografia
Solos: a base da vida terrestre,Geografia
A deriva dos continentes,Geografia
A nova geografia,Geografia
Geografia do Mundo Moderno,Geografia
Atlas da História do Mundo,Geografia
Geografia e participação,Geografia
Geografia e participação: as regiões do Brasil,Geografia
Atlas atual: geografia,Geografia
Mercosul: a intimidade do sonho,Geografia
Geografia do Brasil: Dinâmico e contrastes,Geografia
Geologia geral,Geografia
Geografia: ciência do espaço: o espaço mundial,Geografia
Atlas Mundial,Geografia
Geoatlas,Geografia
Vegetação brasileiro,Geografia
Previsão do tempo e clima,Geografia
Atividade industrial e geografia econômica,Geografia
A análise geográfica,Geografia
O Espaço Geográfico,Geografia
Propósitos e natureza da geografia,Geografia
Geografia: a natureza humanizada,Geografia
Geografia geral e do Brasil,Geografia
Atlas geográfico escolar,Geografia
Geografia do Brasil: região sudeste,Geografia
Geografia do Brasil: região centro - oeste,Geografia
Geografia do Brasil: região nordeste,Geografia
Geografia do Brasil: região sul,Geografia
Geografia do Brasil: região norte,Geografia
Projeto de ensino de geografia geral,Geografia
Espaço Geográfico,Geografia
Sociedade e espaço: Geografia do Brasil,Geografia
Geografia: série Brasil,Geografia
Paratii entre dois pólos,Geografia
Les Enigmes de la création,Geografia
Fronteiras da Globalização,Geografia
Atlas geográfico,Geografia
Trabalhando com Mapas: o mundo desenvolvido,Geografia
Trabalhando com Mapas: o mundo subdesenvolvido,Geografia
Fronteiras da Globalização geografia geral e do Brasil,Geografia
Enciclopédia dos Municípios Brasileiros,Geografia
Geocontexto- geografia,Geografia
A geografia da gente,Geografia
Geografia do Brasil e Geral,Geografia
Geocontexto: geografia para o mensino médio,Geografia
Geografia em Mapas: Continente Americano,Geografia
Geografia espaço e vivênvia,Geografia
O mundo contemporâneo,Geografia
Geografia geral: o espaço natural e socioeconômico,Geografia
Geodrafia Geral e do Brasil,Geografia
Geografia do Brasil e Geral Povos eTerritórios,Geografia
Panorama Geográfico   do Brasil,Geografia
Geografia a construção do mundo:Geografia Geral e do Brasil,Geografia
Geografia -Pesquisa e ação,Geografia
Projeto de ensino de geografia :Geografia Geral,Geografia
Geografia: o mar no espaço geográfico brasileiro,Geografia
A nova geografia: estudos de geografia da América,Geografia
Geografia Geral,Geografia
À procura dos mundos perdidos,Geografia
O grande livro das Oceanos,Geografia
temas da Geografia do Brasil,Geografia
Geografia Geral e do Brasil - estudos para a compreensão do espaço,Geografia
A fantástica volta ao mundo: registros e bastidores de viagem por Zeca Camargo,Geografia
A questão do índio,Geografia
Geografia geral: o espaço natural e sócio - econômico,Geografia
Cidadania em preto e Branco,Geografia
Classes e camadas sociais no Brasil,Geografia
Geografia o mundo em transição,Geografia
A segunda guerra mundial,Geografia
A crise do mundo socialista,Geografia
Energia para o Século XXI,Geografia
Atlas geográfico melhoramentos,Geografia
Atlas National Geographic,Geografia
Geografia - Sociedade e cotidiano 1,Geografia
Geografia Global,Geografia
Geografia para o Ensino Médio,Geografia
Geografia - Espaço e Vivência,Geografia
Geografia - Estudos para compreensão do espaço,Geografia
Conexões: estudos de geografia geral e do Brasil,Geografia
Cem dias entre o céu e mar,Geografia
Território e Sociedade,Geografia
Vereda digital Geografia,Geografia
Geografia Sociedade e cotidiano,Geografia
Conecte Território e Sociedade,Geografia
História - Conexões,Geografia
Conecte: Território e sociedade no mundo globalizado,Geografia
Geografia:Conexões Estudos de Geografia Geral e do Brasil,Geografia
Geografia-Leituras e Interação,Geografia
Riqueza das nações,Geografia
Geografia: vestibular + enem,Geografia
O Foco Narrativo,Historia
A tragédia: estrutura e história,Historia
Brasília Kubitschek de Oliveira,Historia
Toda a História - História geral e do Brasil,Historia
Shakespeare de A à Z,Historia
Apologia de Sócrates (Banquete),Historia
Bacon,Historia
WITTGENSTEIN: Investigações filosóficas,Historia
Adorno,Historia
ROUSSEAU - Do Contrato Social Ensaio sobre a origem das línguas,Historia
Apologia de Sócrates: ditos e feitos memoráveis de Sócrates,Historia
Hume,Historia
Platão: Diálogos,Historia
Maquiavel o Príncipe: escritos políticos,Historia
Kant: Crítica da Razão Pura,Historia
Nietzsche: obras incompletas,Historia
História da Filosofia,Historia
Voltaire: Voltaire e o iluminismo,Historia
Sócrates: o mártir da filosofia,Historia
Marx e a liberdade,Historia
Descartes: a filosofia da mente de Descartes,Historia
Livro do amigo e  do amado,Historia
A idéias de Bertrand Russell,Historia
Maquiavel: a lógica da força,Historia
Dialogos - Mênon - Banquete - Ledro,Historia
Noções de história da Filosofia,Historia
O que é Marxismo,Historia
O que é Stalinismo,Historia
O que é Mito,Historia
A utopia,Historia
Diálogos,Historia
Thomás de Aquino: a razão a serviço da Fé,Historia
Platão: ousar a utopia,Historia
Tomismo hoje,Historia
Do contrato social: ensaio sobre origem das línguas,Historia
Diálogos: o banquete-fédon -sofista - político,Historia
O que é uma sociedade justa? Introdução à prática da filosofia política,Historia
O Egito,Historia
A criação do mundo,Historia
A Amazônia,Historia
A legenda dourada: nova mitologia clássica,Historia
O imperialismo,Historia
Toda a História,Historia
Como reconhecer a arte gótica,Historia
Como reconhecer a arte romântica,Historia
Como reconhecer a arte do Renascimento,Historia
Como reconhecer a arte Barroca,Historia
Projeto arte brasileira,Historia
Projeto arte brasileira academia,Historia
Projeto arte brasileira madernismo,Historia
História da arte,Historia
Coleção Marx Urle,Historia
Arte em revista,Historia
Os povos Bárbaros,Historia
D. João VI: Os bastidores da independência,Historia
A cidade - estado antiga,Historia
A guerra da secessão dos Estados Unidos,Historia
A reforma protestante,Historia
Os Sertões: Campanhas dos Canudos,Historia
Tempus Fugit,Historia
História das cavernas ao terceiro Milenio,Historia
Toda a história: história geral e história do Brasil,Historia
História Global Brasil e Geral,Historia
História do Brasil,Historia
História Geral: a construção de um mundo globalizado,Historia
História Moderna e Contemporânea,Historia
História Geral,Historia
História: O Brasil em Foco,Historia
História e Vida: Brasil - Pré - História à Independencia...,Historia
História e Vida: Brasil - Pré - História à Idade Média,Historia
História e Vida: Da idade Moderna à Atualidade,Historia
Oficina de História,Historia
Ofina de História: História Integrada,Historia
História Integrada,Historia
História: Memória Viva- Idade Moderna e Contemporânea,Historia
História e Consciência do Brasil,Historia
História do Ensino Médio,Historia
História Geral: Moderna e Contemporânea,Historia
Como seria  sua Vida na Idade Média?,Historia
Como seria sua vida na Grécia antiga?,Historia
História e consciência do Mundo,Historia
Cinco Séculos de Brasil,Historia
História antiga e medieval,Historia
Odisséia,Historia
Guerra e poder na sociedade feudal,Historia
Movimentos populares na Idade Média,Historia
História da vida privada: Do Império Romano ao ano Mil I,Historia
História do Brasil: Os 500 anos do País em uma obra completa...,Historia
História dos Tributos no Brasil,Historia
Mesopotâmia: O amanhecer,Historia
Histórias do Brasil,Historia
História 1: Brasil Colônia,Historia
Visita à Roma Antiga,Historia
Minas Colonial,Historia
Hístoria Moderna Contemporânea,Historia
História e Vida,Historia
História Integrada: Da idade Média ao Nascimento do mundo Moderno,Historia
Globalização o que é isso afinal?,Historia
Visita à Grecia Antiga,Historia
Roma: Vida pública e vida privada,Historia
Explorando a África,Historia
Da reforma à contra-reforma: o cristianismo em crise,Historia
História da saúde pública no Brasil,Historia
Iluminismo: a revolução das luzes,Historia
O brilho de mil sóis: história da bomba atômica,Historia
Guerra e paz no Oriente Médio,Historia
Palestinos em busca da pátria,Historia
Os Bálcãs: história e crise,Historia
Guerra fria a era do medo,Historia
O racismo na história do Brasil: Mito e Realidade,Historia
Reforma agrária: questão de terra ou de gente,Historia
O jogo do poder,Historia
A Revolução Industrial,Historia
As primeiras civilizações,Historia
Cinema e história do Brasil,Historia
A escravidão no Brasil,Historia
A europa na idade moderna: do Renascimento ao Século da Luzes,Historia
O Brasil quinhentista de Jean de Léry,Historia
Formação da África contemporânea,Historia
O apartheid,Historia
A descolonização da Ásia e da África,Historia
A revolução chinesa,Historia
Revoluções na América Latina,Historia
O surgimento das nações,Historia
Do feudalismo ao capitalismo transições,Historia
As heresias medievais,Historia
As revoluções burguesas,Historia
O escravismo antigo,Historia
Regimes políticos,Historia
Revoluções do séc XX,Historia
África e Brasil: uma ponte sobre o Atlântico,Historia
Político e rebelião nos anos 30,Historia
A invasão cultural norte americana,Historia
A industrialização Brasileira,Historia
Toda a História: História Geral e do Brasil.,Historia
Oriente Médio,Historia
A violência no Brasil,Historia
A República Velha e a Revolução de 30,Historia
De Getúlio a Juscelino 1945 - 1961,Historia
Seca no Nordeste: Desafios e Soluções,Historia
As rebeliões Coloniais,Historia
O feudalismo,Historia
Revolução dos Farrapos,Historia
Inconfidencia Mineira,Historia
A Revolução Pernambuncana de 1817,Historia
Uma epopéia Brasileira a coluna Prestes,Historia
Argentina Civilização e Barbárie,Historia
A transição no Brasil: Da Ditadura à Democracia,Historia
O escravismo no Brasil,Historia
As Tribos do Mal,Historia
Documentos sobre a escravidão do Brasil,Historia
Um retrato do Japão,Historia
A hora do sul: O Brasil em Regiões,Historia
História do Negro Brasileiro,Historia
D.João VI: Os Bastidores da Independência,Historia
Sociedades Indígenas,Historia
Síntese de História da Cultura Brasileira,Historia
Política para quê?,Historia
Fronteira e guerras no Prata,Historia
Santa Catarina: 100 anos de História,Historia
500 anos de Brasil histórias e reflexões,Historia
Povos Indígenas: Terras e Vida,Historia
Oriente Médio: Uma região de Conflitos,Historia
Império do Café: A grande lavoura no Brasil 1850 à 1890,Historia
Os Sonhadores de Vila Rica. A inconfidência Mineira de 1789,Historia
Uma Trama Revolucionária?,Historia
Independência ou Morte: A emancipação política do Brasil,Historia
O Brasil da Abertura de 1974 à Constituinte,Historia
Senhores destas terras: Os Povos indígenas no Brasil da colônia aos nossos dias,Historia
A ordem é o progresso: O Brasil de 1870 à 1910,Historia
O império da boa sociedade: A Consolidação do Estado Imperial brasileiro,Historia
Nos Tempos de Getúlio: Da Revolução de 30 ao fim do Estado Novo,Historia
Reinventando a liberdade: A Abolição da escravatura no Brasil,Historia
Em nome da segurança Nacional: Do golpe de 64 ao Início da Abertura,Historia
Jovens brasileiros: uma aventura literaria em 10 momentos da nossa história,Historia
Colombo e a América: Quinhentos anos depois,Historia
Renascimento e Humanismo: O Homem e o Mundo Europeu do sec. XIV,Historia
A Revolta dos colonizados,Historia
A Saga Tupinambá,Historia
Getúlio Vargas,Historia
O Processo da Independência do Brasil,Historia
A Guerra de Canudos,Historia
O Brasil não é Risco é Oportunidade - Depende de Nós,Historia
Questão agrária latifúndio ou agricultura familiar,Historia
A Revolução mexicana,Historia
Documentos de História do Brasil: De cabral aos anos 90,Historia
História da vida privada no Brasil,Historia
A guerra de Piratininga,Historia
A formação de Israel e a questão palestina,Historia
Revolta de colonos imigrantes,Historia
Estados Unidos,Historia
Luiz gama: de escravo a libertador,Historia
A coluna prestes,Historia
O que é imperalismo,Historia
O que é subdesenvolvimento,Historia
O mundo antigo: economia e sociedade,Historia
A revolução burguesa,Historia
O que é Revolução,Historia
História e civilização: o mundo moderno e contemporâneo,Historia
História e civilização o mundo antigo e medieval,Historia
História e civilização: o Brasil imperial e republicano,Historia
História e civilização: o Brasil colonial,Historia
O Brasil de Dutra e Vargas,Historia
Cultura e sociedade no Brasil colônia,Historia
Meninos de Rua,Historia
A unificação da Europa,Historia
A formação dos Estados Unidos,Historia
Sociedade e política na Primeira República,Historia
A guerra fria,Historia
Indústria e trabalho no Brasil: limites e desafios,Historia
Caminhos e Fronteiras,Historia
A terra dos mil povos,Historia
Os Etruscos,Historia
A terceira guerra mundial,Historia
Brasil a terra e o homem,Historia
Estudos e história antiga e Medieval,Historia
Juazeiro: guerra no sertão,Historia
Leste europeu: a revolução democrática,Historia
Literatura comentada: cronicas e viajantes,Historia
Indios e Castanheiros,Historia
Estudos de história moderna e contemporânea,Historia
Viagem pitoresca e história ao Brasil,Historia
Por que acredito,Historia
O Brasil Pós - Milagre,Historia
Brasil a terra e o homem: V.11 A vida humana,Historia
Os vícios da Republica: negócios e poder na passagem para séc. XX,Historia
Histórias Antiga e medieval,Historia
O que é História,Historia
O dilema da Amazônia,Historia
A saúde do Brasileiro,Historia
Santos,Historia
450 anos de história,Historia
O melhor da nossa história,Historia
Como o Brasil ficou assim? Formação das fronteiras e tratados dos limites,Historia
História,Historia
História Moderna e Comtemporânea,Historia
História Moderna: através de textos,Historia
Contestado: a revolta dos sem - terras,Historia
Viagem pitoresca e Histórica ao Brasil,Historia
Poliantéia Santista,Historia
Marcha para oeste,Historia
Origens de Roma,Historia
Documentos de história do Brasil de Cabral aos anos 90,Historia
Os Egípcios,Historia
Atlas da história antiga,Historia
Atlas da História Medieval,Historia
Atlas da História Moderna,Historia
História da América,Historia
Os povos da América,Historia
Caminhos das Civilizações: Da Pré-História aos dias Atuais,Historia
Por que Pacifismo?,Historia
História da Riqueza do Homem,Historia
Do conhecimento histórico,Historia
O Homem Eterno,Historia
Como a Argentina vai sair da crise: A Argentina do futuro...,Historia
Bloco de Atividades: História integrada,Historia
Genocídio americano: A Guerra do Paraguai,Historia
Os Dois Brasis,Historia
Bairros rurais paulistas,Historia
Citações do Presidente Mao Tsé - Tung,Historia
O Século Inacabado: A América desde 1900,Historia
Caminhos do Mar: Memórias do comércio da Baixada Santista,Historia
A independência dos países da América Latina,Historia
A formação do império português (1415 - 1580),Historia
A América que os Europeus encontraram,Historia
O Renascimento,Historia
A Rússia dos Sovietes. Impasses de um projeto socialista,Historia
A ilha,Historia
A Guerra do Vietnã,Historia
A colonização da África e da Ásia: A expansão do imperialismo ...,Historia
O fim da União Soviética: Dez Anos que abalaram o mundo,Historia
Rússia antes e depois da URSS,Historia
Tragédia na Iugoslávia: Guerra e Nacionalismo no leste europeu,Historia
As Guerras de independência da América Latina,Historia
Os Índios Norte - Americanos: Cinco séculos de Luta e opressão,Historia
A Etiqueta no Antigo Regime,Historia
A inquisição Ibérica,Historia
Para entender o Mercosul,Historia
A formação das nações latino - americanas,Historia
A Contra - Revolução na América Latina,Historia
História da civilização ocidental integrada geral e Brasil,Historia
O Nazismo,Historia
A Guerra Civil Espanhola,Historia
Pérola ao sol: A pontamentos para uma história de Guarujá,Historia
Brasil História e Sociedade,Historia
História memória viva: Brasil período colonial e Independência,Historia
Panorama da História dos Estados Unidos,Historia
Introdução aos Estudos sociais,Historia
Arqueologia,Historia
Uma introdução à História,Historia
Evolução política do Brasil e outros estudos,Historia
História da civilização Mundial,Historia
Santos: Um encontro com a História e a Geografia,Historia
História do Brasil da colônia à república,Historia
Nova História,Historia
Memória e Tempo das Igrejas de São Paulo,Historia
Histórico Moderna e Comtemporâneo,Historia
A república brasileira,Historia
Abolição,Historia
A república do progresso,Historia
Fazendo a história: as sociedades americanas e a Europa na época moderna,Historia
História de Santos,Historia
História da Igreja do Rosário de Santos,Historia
Transporte coletivo em Santos: história e regeneração,Historia
Lutas e Sonhos: Cultura política,Historia
O Racismo na história do Brasil,Historia
B Calixto Imortalidade,Historia
São Paulo 450 anos: de vila a metrópole,Historia
História da cultura: origem e evolução,Historia
D. Pedro I e a Marquesa de Santos,Historia
Formação do Brasil Contemporâneo,Historia
Napoleão,Historia
A Alemanha: dias idos e vividos,Historia
O mundo dos deuses e dos Heróis,Historia
A Baixada Santista: aspectos e suas indústrias,Historia
Crítica da razão pura,Historia
A nova política do Brasil,Historia
Conscience Morbide,Historia
A nova política do Brasil: Da aliança liberal às realizações do 1º ano de gov. 1930/1931,Historia
A nova política do Brasil: o estado novo 10 de nov. de 1937 a 25 de jul. de 1938,Historia
Casa grande e senzala,Historia
História das lutas com os Holandeses no Brasil desde 1624 a1654,Historia
História Geral da civilização brasileira,Historia
Grandes Personagens da História Universal,Historia
Toda história: História Geral e História do Brasil,Historia
História em Curso: O Brasil e suas Relações com o mundo ocidental,Historia
Tempo e Espaço,Historia
História Geral e Brasil,Historia
História Global e Brasil e Geral,Historia
Uma História,Historia
Ensinar História,Historia
A cidade antiga,Historia
Enterrem meu coração na curva do Rio: índios contam o massacre de sua gente.,Historia
Apologia de Sócrates Banquete,Historia
Grandeza e decadência de Roma: a conquista do império,Historia
História Universal (coleção),Historia
As Diversas faces do Terrorismo,Historia
História uma abordagem integrada,Historia
As lutas do povo brasileiro. Do descobrimento a Canudos,Historia
União Européia: história e geopolítica,Historia
OR - A Aurora da Civilização,Historia
A aurora da civilização,Historia
História para o ensino,Historia
História do Brasil: no contexto da história ocidental,Historia
Horizontes da história,Historia
Violencia no campo: o latifundio e a reforma agraria,Historia
A Cavalaria  Mitos e Lendas,Historia
História global : Brasil  e Geral,Historia
História Geral  e Brasil,Historia
História da civilização ocidental,Historia
A escrita da História,Historia
História geral e do Brasil,Historia
História:  geral do Brasil,Historia
Saga a grande história do Brasil,Historia
O limiar da liberdade  -Inconfidência Mineira : sonho ou pesadelo?,Historia
Os gregos até Alexandre,Historia
Rumos da História,Historia
A Política,Historia
Roteiro de Santos,Historia
Dicionário prático ilustrado,Historia
Brasil 500 anos - Mulher,Historia
A democracia no Brasil,Historia
Os Maias,Historia
Bandeirantes,Historia
Por dentro da Hstória,Historia
Terra do Brasil : a conquista lusitana e o genocídio Tupinambá,Historia
Brasileiras guerreiras da paz,Historia
Brasil: uma história em construção,Historia
Ulisses e a fúria de poseidon,Historia
Hércules e os doze trabalhos,Historia
Teseu e o minotauro,Historia
Os vikings,Historia
Força Viva,Historia
O Nazismo: história de um sobrevivente.,Historia
Nossa Bandeira,Historia
O gênio do futuro,Historia
Hitler desafia a ordem mundial,Historia
A Alemanha domina a Polônia,Historia
Finlândia contra URSS: Guerra na neve,Historia
Dinamarca e Noruega alimentam a máquina de Guerra Alemã,Historia
A queda dos países baixos,Historia
Terra invadida: a França de joelhos,Historia
Pânico no mar: a guerra no Atlântico,Historia
Mussolini sonha com um novo império,Historia
A guerra chega aos bálcãs,Historia
Operação Barbarossa: Hitler e Stálin em duelo de morte,Historia
Pearl Harbor em chamas: EUA entram em guerra,Historia
Japão estende seus tentáculos pelo sacrifício,Historia
As batalhas do mar de coral e de Midway,Historia
O contra-ataque aliado no pacífico,Historia
A Muralha do Atlântico: a lição do assalto a Dieppe,Historia
Stalingrado detém avanço nazista no leste,Historia
Alemanha dá adeus ao Norte da África,Historia
Hora da virada: aliados desembarcam na Itália,Historia
A ofensiva aérea contra a alemanha,Historia
Batalha de Kursk marca colapso do nazismo,Historia
A batalha de Monte cassino,Historia
Desembarque na Normandia: o mais longo dos dias,Historia
Onda aliada liberta Filipinas,Historia
O Vento da Liberdade varre a Polônia,Historia
Operação Market Garden: uma ponte longe demais,Historia
Batalha da Ardenas: a última chance para a Wehrmacht,Historia
A queda de Berlim e o fim da guerra na Europa,Historia
Embate encarniçado em Iwo Jima e Okinawa,Historia
O Japão curva-se diante do poder atômico,Historia
Discurso do Método,Historia
Estudos de História,Historia
A viagem do descobrimento - A verdadeira história da expedição de cabral,Historia
História - Ensino Médio,Historia
Pedro Álvares Cabral,Historia
História Geral da Arte Escultura 1,Historia
História Geral da Artes - Artes decorativas 3,Historia
História da Arte - Artes decorativas 2,Historia
História Geral da Arte Arquitetura XI,Historia
História Geral da Arte - Arquitetura IV,Historia
História Geral da Arte Arquitetura IV,Historia
História Geral da Arte - Arquitetura III,Historia
História Geral da Arte - Arquitetura I,Historia
História Geral da Arte - A arte: a beleza e suas formas,Historia
História Geral da Arte - A arte e o artista,Historia
História Geral da Arte - O objeto artístico,Historia
Museo de Arte Moderno - Paris,Historia
Galeria Nacional de Washington,Historia
Rijksmuseum de Amsterdam,Historia
Visão do Paraíso,Historia
História em debate,Historia
História Global: Brasil e Geral,Historia
Novo olhar História,Historia
As Cruzadas,Historia
Massacre em Pequim,Historia
História - Sociedade e Cidadania,Historia
Histórias do cotidiano,Historia
História - Conexões com a História,Historia
A Revolução dos Caranguejos,Historia
A Gaia Ciência,Historia
O que é Palestina,Historia
Mercantilismo e transição,Historia
A igreja no Brasil - colônia (1550-1800),Historia
As revoluções burgesas,Historia
Camelot - Os anos Kennedy,Historia
A viagem do descobrimento,Historia
História Global,Historia
A História do pensamento econômico,Historia
Capítulos de História Colonial,Historia
Os Sertões,Historia
Projetos para o Brasil,Historia
Leituras da História,Historia
História: Geral e do Brasil,Historia
Pelos caminhos da História,Historia
Cultuar e Sociedade no Brasil: 1940-1968,Historia
História em movimento - dos primeiros humanos ao Estado Moderno,Historia
Conecte História,Historia
Síntese da coleção História Geral da África - século XVI ao século XX,Historia
Síntese da coleção História Geral da África - Pré-história ao seculo XVI,Historia
História Geológica da vida,Historia
Hstória,Historia
História das cavernas ao terceiro milênio.,Historia
História:conexões com a História,Historia
Atlas Visuais/ A terra,Historia
Centro Acadêmico Oswaldo Cruz: a história dos estudantes da Faculdade de Medicina da Unive,Historia
A grande sacada de Pedro,Historia
A casa das sete mulheres,Historia
Brasil terra virgem,Historia
História: vestibular + enem,Historia
Literaturas Brasileira e Potuguesa,Literatura
Além do apenas moderno,Literatura
Literaturas Brasileira e Portuguesa,Literatura
Literatura brasileira,Literatura
Literatura história e texto 3,Literatura
Literatura história e texto 2,Literatura
Literatura história e texto 1,Literatura
Literaturas  Brasileira e Portuguesa,Literatura
Quatro cantos,Literatura
Estudos de Literatura Brasileira,Literatura
Estudos de Língua e Literatura,Literatura
Literatura História e texto,Literatura
Panorama da literatura,Literatura
Introdução à Teoria da Literatura,Literatura
A Narrativa da Ficção,Literatura
O grau zero da escritura,Literatura
Crítica Literária,Literatura
História concisa da literatura brasileira,Literatura
A Literatura Brasileira,Literatura
História da literatura luso-brasileira,Literatura
Literatura: Textos e Técnicas,Literatura
O que é Poesia Marginal,Literatura
Exploração da obra literária,Literatura
Teoria do Verso,Literatura
Orientação de Leitura e Abordagem Literária - Prosa,Literatura
Elementos de teoria literária,Literatura
Língua e Literatura,Literatura
Antologia da literatura brasileira: o Modernismo,Literatura
Antologia da Literatura: do classicismo ao pré-modernismo,Literatura
Literatura Portuguesa,Literatura
Os melhores poemas,Literatura
Representações e imagnes da leitura,Literatura
Estudos de Redação,Literatura
Antes do baile verde,Literatura
Literatura - História e texto 3,Literatura
Formação da literatura brasileira,Literatura
Toda a literatura portuguesa e brasileira,Literatura
Literatura produção de textos e gramática,Literatura
Obras completas com prefácio e notas do prof. Marques Braga,Literatura
O Vampiro que descobriu o Brasil,Literatura
Português,Literatura
Português: teoria literária comunicação e expressão,Literatura
Arte  Literária Portugal - Brasil,Literatura
Literatura brasileira das origens aos nossos dias,Literatura
Arte literária brasileira,Literatura
Trabalhando com descrição,Literatura
A narração teoria e prática,Literatura
O processo da comunicação,Literatura
Leitura e Linguagem,Literatura
Literatura e Linguagem,Literatura
Assim se escreve... gramática Assim escreveram literatura brasil portugal,Literatura
Clássicos do romance brasileiro,Literatura
A Trova: raízes e florescimento - UBT,Literatura
Curso de matemática para economistas,Matematica
Matematica financeira,Matematica
Matemática aplicada à economia e administração,Matematica
Matemática para economia e administração,Matematica
Matemática aplicada à economia: sintese da teoria,Matematica
Matemática para Administração,Matematica
Matemática,Matematica
Matemática - Com trigonometria,Matematica
Matemática: conceitos e fundamentos,Matematica
O último teorema de Fermat História do enigma que confudiu as maiores mentes do mundo ...,Matematica
Matemática Financeira com utilização do Excel 2000,Matematica
Tópicos de álgebra e arimética,Matematica
Saída pelo triângulo,Matematica
Os elos da Matemática,Matematica
Matemática - Volume único,Matematica
Matemática: contexto e aplicações -Ensino Médio para a educação superior,Matematica
Aulas práticas de Matemática - 1,Matematica
Aulas práticas de Matemática - 2,Matematica
Matemática para o 2º grau,Matematica
Aulas práticas de Matemática - 3,Matematica
Matemática 2º grau,Matematica
20.000 Léguas Matemática: um passeio pelo misterioso mundo dos númericos,Matematica
Matemática para o 2º grau - 3,Matematica
O teorema do Papagaio,Matematica
Matemática: contexto e aplicações - 3,Matematica
Matemática :contexto e aplicações-2,Matematica
Matemática (Resolução de todos os exercícios),Matematica
Matemática 1,Matematica
Matemática 3,Matematica
Matemática - Livro do Professor,Matematica
Mamática 2 grau,Matematica
Desenho geométrico para o 2º grau,Matematica
Geometria analítica espacial um tratamento vetorial,Matematica
Matemática  curso fundamental,Matematica
Desenho geométrico,Matematica
Os segredos da matemática financeira,Matematica
Matemática na escola do 2º grau,Matematica
Educação Matemática,Matematica
As Idéias fundamentais da matemática e outros ensaios,Matematica
Introducação ao Cálculo: Cálculo diferencial,Matematica
Notas de Cálculo 3,Matematica
Matemática - Curso Colegial Moderno,Matematica
Números complexos polinômios e equações algébricas,Matematica
Trigonometria,Matematica
Combinatoria Matrizes e determinantes,Matematica
Estatisca elementar: estatistica descritiva,Matematica
Conjuntos e funções,Matematica
Comunicação visual e expressão artes plásticas e desenho,Matematica
Estudos de Matemática,Matematica
Geometria analítica,Matematica
Matemática 2,Matematica
Matemática e Vida 2º grau,Matematica
Matemática e Vida,Matematica
Conjuntos relações funções inequações,Matematica
Matemática para 2º grau,Matematica
Matemática ciência e aplicações,Matematica
Aulas práticas de Matemática,Matematica
Cálculo um novo horizonte,Matematica
Fundamentos Matemáticos para a Ciência da Computação,Matematica
Organização e projeto de computadores: a interface Hardware/Software,Matematica
O cálculo com geometria analítica,Matematica
Projeto de Algoritmos: com implementações em Pascal e C,Matematica
Algoritmos e Estruturas de dados,Matematica
Cálculo 2: funções de um variável,Matematica
Cálculo das funções de uma variável,Matematica
Introdução à Informática,Matematica
Aprendendo Delphi: guia prático,Matematica
Delphi 7: aplicações avançadas de Banco de Dados,Matematica
Arquitetura de computadores,Matematica
Hardware Curso Completo,Matematica
Matemática Financeira com HP12C e Excel,Matematica
Matemática Financeira e suas aplicações,Matematica
Matemática contextos e aplicações,Matematica
Matemática contexto e aplicações,Matematica
Cálculo Com geometria Analítica Vol 2,Matematica
Cálculo com geometria analítica Vol 1,Matematica
Introdução à Ciência da Computação,Matematica
Licões de cálculo diferencial e integral,Matematica
Eléments de calcul numérique,Matematica
Matemática Discreta : uma introdução,Matematica
Matemática: Contexto e aplicações,Matematica
Matemática: uma nova abordagem,Matematica
Matemática Fundamental,Matematica
Matemática para o ensino médio,Matematica
Fundamentos da Matemática Elementar:geometria espacial....,Matematica
Fundamentos da Matemática Elementar:geometria plana,Matematica
Fundamentos da Matemática Elementar,Matematica
Fundamentos da Matemática: geometria analítica,Matematica
Fundamentos da Matemática,Matematica
Fundamentos da Matemática:combinatória e probabilidade,Matematica
Fundamentos de Matemática Elementar : trigonometria,Matematica
Fundamentos de Matemática Elementar:logaritmos,Matematica
Fundamentos de Matemática Elementar:conjuntos e funções,Matematica
Fundamentos de Matemática elementar sequências,Matematica
Fundamentos de Matemática Elementar trigonométrica,Matematica
Fundamentos de Matemática Elementar - logarítimos,Matematica
Matemática: construção e significado,Matematica
Matemática construção e significado,Matematica
Elementos de geometria analítica no espaço,Matematica
Exercícios de trigonometria plana,Matematica
Curso de trigonometria plana,Matematica
Elementos de Geometria analítica,Matematica
Dictionnaire des Mathematiques Appliqueens,Matematica
Dicionário da matemática moderna,Matematica
Noções de cálculo numérico,Matematica
matemática Comercial financeira,Matematica
Curso de Estatística,Matematica
O Universo da Matemática,Matematica
Sistema de Consulta Interativa Matemática,Matematica
Matemática aula por aula,Matematica
Matemática - Contexto e Aplicações,Matematica
Fundamentos da Matemática Elementar: Geometria Espacial posição e métrica,Matematica
Matemática - Ensino Médio,Matematica
Aprender e aplicar matemática,Matematica
Novo olhar matemática,Matematica
Geometria Plana: conceitos básicos,Matematica
Matemática: a equação da vida,Matematica
Matemática uma nova abordagem,Matematica
Matemática - Ciência e aplicações,Matematica
Matemática para você,Matematica
Matemática - Ensino Médio (Projeto múltiplo),Matematica
Ser protagonista - Matemática,Matematica
Matemática (Plus),Matematica
Fundamentos de Matemática Elementar 11,Matematica
Matemática-construção e significado,Matematica
Matemática e Cidadania,Matematica
Mathematikós,Matematica
Conexões com a Matemática,Matematica
Matemática fundamental:uma nova abordagem,Matematica
Matemática para a escola de hoje.,Matematica
Matemática: Ensino Médio,Matematica
Matemática-Ensino Médio,Matematica
Matemática: uma atividade humana,Matematica
Matemática: vestibular + enem,Matematica
