Mensagem,Classe
<Forwarded from 448712404000>CALL 08712...,spam
FREE for 1st week! No1 Nokia tone 4 ur mob every week just txt NOKIA to 8007 Get txting and tell ur mates www.getzed.co.uk POBox 36504 W45WQ norm150p/tone 16+,spam
JULY 26,ham
Just buy a pizza. Meat lovers or supremes. You know...,ham
Congratulations! The Nokia 3650 video camera phone is you...,spam
RCT' THNQ Adrian for U text. Rgds Vatian,spam
"Arms fine, how's Cardiff and uni? ",ham
"Come on, baby, make me horny, turn me on! Send me a message...",spam
Nothing but we jus tot u would ask cos u ba gua... But we went mt faber yest... Yest jus went out already mah so today not going out... Jus call lor...,ham
staff.science.nus.edu.sg/~phyhcmk/teaching/pc1323,ham
Not heard from U4 a while. Call me now am here all night with just my knickers on. Make me beg for it like U did last time 01223585236 XX Luv Nikiyu4.net,spam
Did u got that persons story,ham
No 1 POLYPHONIC tone 4 ur mob every week! Just txt PT2 to 87575. 1st Tone FREE ! so get txtin now and tell ur friends. 150p/tone. 16 reply HL 4info,spam
When're you guys getting back? G said you were thinking about not staying for mcr,ham
"Attack Message: When you lift Daphne up, you say HELLO...",ham
Does uncle timi help in clearing cars,ham
"By the way, make sure u get train to worc foregate street not shrub hill. Have fun night x",ham
Today my system is ready. everything is fine and I...,ham
Okay. Thank you...,ham
"Latest Nokia Mobile or iPOD MP3 Player +å£400 proze GUARANTEED! Reply with: WIN to 83355 now! Norcorp Ltd.å£1,50/Mtmsgrcvd18+",spam
Congratulations! The special 1-year cinema pass for 2 people is...,spam
"Thats a bit weird, even ?- where is the do supposed to be happening? But good idea, sure they will be in pub!",ham
"For ur chance to win a å£250 cash every wk TXT: ACTION to 80608. T's&C's www.movietrivia.tv custcare 08712405022, 1x150p/wk",spam
Ever thought about living a good life with a perfect partner? Just txt back NAME and AGE to join the mobile community. (100p/SMS),spam
Just buy a pizza. Meat lovers or supreme. U get to pick.,ham
Enjoy the golf club with hamster video sound with you...,spam
"Helloooo... Wake up..! \Sweet\"" \""morning\"" \""welcomes\"" \""You\"" \""Enjoy\"" \""This Day\"" \""with full of joy\"".. \""GUD MRNG\"".""",ham
"Sorry, I missed your call, let's talk when you...",spam
I am literally in bed and have been up for like  &lt;#&gt;  hours,ham
Tell me whos this pls:-),ham
An excellent thought by a misundrstud frnd: I knw u hate me bt the day wen u'll knw the truth u'll hate urself:-( Gn:-),ham
"Hey Boys. Want hot XXX pics sent direct 2 ur phone? Txt PORN to 69855, 24Hrs free and then just 50p per day. To stop text STOPBCM SF WC1N3XX",spam
Okie... Thanx...,ham
Mobile Club: Choose any of the high-quality items...,spam
Still chance there. If you search hard you will get it..let have a try :),ham
WHO won a City Break and could WIN £200...,spam
No calls..messages..missed calls,ham
Wylie update: my weed dealer carlos went to freedom and had a class with lunsford,ham
PRIVATE! Your 2003 Account Statement for 078,spam
JADE IS PAUL. Didn't you send me a message? DO YOU REMEMBER...,ham
Hmm ill have to think about it... ok you're forgiven! =D,ham
"Oooh, bedridden, hey? What are you thinking?",ham
I need details about that online job.,ham
07732584351 - Rodger Burns - MSG = We tried to call you re your reply to our sms for a free nokia mobile + free camcorder. Please call now 08000930705 for delivery tomorrow,spam
"Your free ringtone is waiting to be collected. Simply text the password \MIX\"" to 85069 to verify. Get Usher and Britney. FML",spam
WE REGRET TO INFORM YOU THAT THE NHS HAS MADE A...,ham
Free 1st week entry 2 TEXTPOD 4 a chance 2 win 40GB iPod or å£250 cash every wk. Txt POD to 84128 Ts&Cs www.textpod.net custcare 08712405020.,spam
"I'm still not sure, I'm still trying to contact him",ham
"Holidays in the Sun. To claim your medical holidays, send a...",spam
Nothing other than us just asking you why you are ba gu...,ham
"Anything, if they all go, then I'll...",ham
"Sorry, I'll call you later at the meeting",ham
No calls..messages..missed calls,ham
I am in bus on the way to calicut,ham
FREE in the 1st week! No1 Nokia tone 4 your mobile...,spam
"Of course, but since my parents will be working in T...",ham
"URGENT! Your cell phone received a bonus of £1,500...",spam
BIG BROTHER ALERT! The computer has selected u for 10k cash or #150 voucher. Call 09064018838. NTT PO Box CRO1327 18+ BT Landline Cost 150ppm mobiles vary,spam
The fact that you're cleaning shows you know why i'm upset. Your priority is constantly \what i want to do,ham
PRIVATE! Your 2003 account statement for 078,spam
SMS. ac sun0819 posts HELLO:\You look nice,spam
Refused a loan? Safe or Unsafe? I am unable...,spam
Hi dear we saw dear. We both are happy. Where you my battery is low,ham
important information 4 orange user 0789xxxxxx...,spam
PISS IS TALKING IS SOMEONE THAT REALISE U THAT POINT THIS AT IS IT.(NOW READ IT BACKWARDS),ham
"cmon babe, make me horny, *turn* me on! Txt me your fantasy now babe -) Im hot, sticky and need you now. All replies cost å£1.50. 2 cancel send STOP",spam
What you did in  leave.,ham
This week's SavaMob member offers are now accessible...,spam
Gr8 new service - live sex video chat on your ...,spam
"This is the 2nd time we have tried 2 contact u. U have won the å£750 Pound prize. 2 claim is easy, call 087187272008 NOW1! Only 10p per minute. BT-national-rate.",spam
URGENT! We are trying to contact U. Todays draw shows that you have won a å£800 prize GUARANTEED. Call 09050003091 from land line. Claim C52. Valid12hrs only,spam
FREE for 1st week! No1 Nokia tone 4 ur mobile every week just txt NOKIA to 8077 Get txting and tell ur mates. www.getzed.co.uk POBox 36504 W45WQ 16+ norm150p/tone,spam
XCLUSIVE@CLUBSAISAI 2MOROW 28/5 SOIREE SPECIALE ZOUK WITH NICHOLS FROM PARIS.FREE ROSES 2 ALL LADIES !!! info: 07946746291/07880867867 ,spam
What are you doing? how are you?,ham
Ok sir...,ham
FREE in the 1st week! No1 Nokia tone 4 your mobile...,spam
We can go 4 e normal pilates after our intro...  ,ham
"For ur chance to win a å£250 wkly shopping spree TXT: SHOP to 80878. T's&C's www.txt-2-shop.com custcare 08715705022, 1x150p/wk",spam
"Haha figures, well I found the piece and priscilla's bowl",ham
No 1 POLYPHONIC tone 4 ur mob every week! Just txt PT2 to 87575. 1st Tone FREE ! so get txtin now and tell ur friends. 150p/tone. 16 reply HL 4info,spam
Today's Voda numbers ending in 5226 are selected to...,spam
Do you want explicit SEX in 30 seconds? Ring 02073162414...,spam
"Hello O... Wake up..! \In the morning\"" \""...",ham
I keep ten rs in my shelf:) buy two egg.,ham
Anything lor if they all go then i go lor...,ham
HI BABE U R MOST LIKELY TO BE IN BED BUT IM SO SORRY ABOUT TONIGHT! I REALLY WANNA SEE U TOMORROW SO CALL ME AT 9. LOVE ME XXX,ham
http//tms. widelive.com/index. wml?id=820554ad0a1705572711&first=trueåÁC C RingtoneåÁ,spam
+123 Congratulations - in this week's competition draw u have won the å£1450 prize to claim just call 09050002311 b4280703. T&Cs/stop SMS 08718727868. Over 18 only 150ppm,spam
it to 80488. Your 500 free text messages are valid until 31 December 2005.,spam
FreeMSG You received a FREE mini DIGI...,spam
"FREE NOKIA Or Motorola with upto 12mths 1/2price linerental, 500 FREE x-net mins&100txt/mth FREE B'tooth*. Call Mobileupd8 on 08001950382 or call 2optout/D3WV",spam
Ok thanx...,ham
to 80488. Your 500 free text messages are v...,spam
URGENT!! Your 4* holiday on the Costa Del Sol or £50...,spam
"Hi, this is Mandy Sullivan calling from HOTMIX...",spam
Buy Space Invaders 4 a chance at 2 Arcade wins...,spam
Free message: Jamster! Listen to the sound of the crazy frog...,spam
Guess what! Somebody you know secretly fancies you! Wanna find out who it is? Give us a call on 09065394973 from Landline DATEBox1282EssexCM61XN 150p/min 18,spam
I'm on the bus on my way to Calicut,ham
What a cool princess! I'll cover your face with...,ham
I spoke to Uncle John today. He feels strongly...,ham
22 days to kick off! For Euro2004 U will be kept up to date with the latest news and results daily. To be removed send GET TXT STOP to 83222,spam
An excellent thought from a misunderstood friend: I...,ham
"Watching cartoon, listening music &amp; at eve had to go temple &amp; church.. What about u?",ham
"Fantasy Football is back on your TV. Go to Sky Gamestar on Sky Active and play å£250k Dream Team. Scoring starts on Saturday, so register now!SKY OPT OUT to 88088",spam
He guesses! Someone you know secretly likes...,spam
You won't believe it but it's true. It's Incredible Txts! Reply G now to learn truly amazing things that will blow your mind. From O2FWD only 18p/txt,spam
Gr8 new service - live sex video chat on your mob - see the sexiest dirtiest girls live on ur phone - 4 details text horny to 89070 to cancel send STOP to 89070,spam
"Yun buying... But the school received an offer of more than 2,000...",ham
"Go until jurong point, crazy.. Available only in bugis n great world la e buffet... Cine there got amore wat...",ham
IMPORTANT MESSAGE. This is a final contact attempt. You have important messages waiting out our customer claims dept. Expires 13/4/04. Call 08717507382 NOW!,spam
Were realized...,ham
It is part of the IQ check,ham
You're a winner. You have been specially selected...,spam
RCT' THNQ Adrian for the message U. Rgds Vatian,spam
PRIVATE! Your 2004 account statement for 07742...,spam
WE REGRET TO INFORM U THAT THE NHS HAS MADE A MISTAKE.U WERE NEVER ACTUALLY BORN.PLEASE REPORT 2 YOR LOCAL HOSPITAL 2B TERMINATED.WE R SORRY 4 THE INCONVENIENCE,ham
JADE ITS PAUL. Y DIDNåÕT U TXT ME? DO U REMEMBER ME FROM BARMED? I WANT 2 TALK 2 U! TXT ME,ham
Tmr timin still da same wat cos i got lesson until 6...,ham
money!!! you r a lucky winner ! 2 claim your prize text money 2 88600 over å£1million to give away ! ppt150x3+normal text rate box403 w1t1jy,spam
Yun buying... But school got offer 2000 plus only...,ham
They just talking thats it de. They wont any other.,ham
"Urgent Urgent! We have 800 FREE flights to Europe to give away, call B4 10th Sept & take a friend 4 FREE. Call now to claim on 09050000555. BA128NNFWFLY150ppm",spam
The minimum walk is 3 miles per day.,ham
YOU WON! As a valued Vodafone customer or...,spam
Going thru a very different feeling.wavering decisions and coping up with the same is the same individual.time will heal everything i believe.,ham
Yes Princess! I want to catch you with my big...,ham
"Hey, they're not going to watch a movie tonight, so I'm going to...",ham
SO IS TH GOWER MATE WHICH IS WHERE I AM!?! HOW R U MAN? ALL IS GOOD IN WALES ILL B BACK åÔMORROW. C U THIS WK? WHO WAS THE MSG 4? åÐ RANDOM!,ham
UR awarded a City Break and could WIN a å£200 Summer Shopping spree every WK. Txt STORE to 88039.SkilGme.TsCs087147403231Winawk!Age16+å£1.50perWKsub,spam
You have won a Nokia 7250i. This is what you get when you win our FREE auction. To take part send Nokia to 86021 now. HG/Suite342/2Lands Row/W1JHL 16+,spam
"As a SIM subscriber, you are selected to receive a Bonus! Get it delivered to your door, Txt the word OK to No: 88600 to claim. 150p/msg, EXP. 30Apr",spam
Your free ringtone is waiting to be collected....,spam
What did you do on leave.,ham
URGENT! We are trying to contact U. Todays draw shows that you have won a å£800 prize GUARANTEED. Call 09050003091 from land line. Claim C52. Valid 12hrs only,spam
I keep ten rs on my shelf :) I buy two eggs.,ham
18 days until the start of Euro2004! You will be kept in...,spam
"Thank you for your ring order, reference number...",spam
Hi I'm sue. I am 20 years old and work as a lapdancer. I love sex. Text me live - I'm i my bedroom now. text SUE to 89555. By TextOperator G2 1DA 150ppmsg 18+,spam
"Download as many ringtones as you want, without restrictions...",spam
SORRY IM STIL FUCKED AFTER LAST NITE WENT TOBED AT 430 GOT UP 4 WORK AT 630,ham
YOU HAVE WON! As a valued Vodafone customer our computer has picked YOU to win a å£150 prize. To collect is easy. Just call 09061743386 ,spam
"You have won ?1,000 cash or a ?2,000 prize! To claim, call09050000327. T&C: RSTM, SW7 3SS. 150ppm",spam
"\ME 2 BABE I FEEL THE SAME LETS JUST 4GET ABOUT IT+BOTH TRY +CHEER UP+NOT FIT SOO MUCHXXLOVE U LOCAXX\""""",ham
WINNER!! As a valued network customer you have been selected to receivea å£900 prize reward! To claim call 09061701461. Claim code KL341. Valid 12 hours only.,spam
"LOL .. *grins* .. I'm not babe, but thanks for thinking of me!",ham
The guy just saw a parked car with an open sunroof...,ham
"Just so you know, Yetunde didn't send any money...",ham
22 days to start! For Euro2004 U will be...,spam
"WINNER!! As a valued customer of the network, you have...",spam
"This weeks SavaMob member offers are now accessible. Just call 08709501522 for details! SavaMob, POBOX 139, LA3 2WU. Only å£1.50/week. SavaMob - offers mobile!",spam
"Congrats! 1 year special cinema pass for 2 is yours. call 09061209465 now! C Suprman V, Matrix3, StarWars3, etc all 4 FREE! bx420-ip4-5we. 150pm. Dont miss out! ",spam
HMV SPECIAL BONUS 500 pounds of genuine HMV flight...,spam
How much are we getting?,ham
"Just so that you know,yetunde hasn't sent money yet. I just sent her a text not to bother sending. So its over, you dont have to involve yourself in anything. I shouldn't have imposed anything on you in the first place so for that, i apologise.",ham
"Oh, damn! I didn't mean to send this to you! Lol!",ham
Enjoy the jamster videosound gold club with your credits for 2 new videosounds+2 logos+musicnews! get more fun from jamster.co.uk! 16+only Help? call: 09701213186 ,spam
Congratulations! The special 1-year cinema pass for 2 people is...,spam
http://tms. widelive.com/index. wml?id=820554ad...,spam
The fact that you are cleaning shows that you know...,ham
"Tell me who this is, please :-)",ham
"Sorry, I'll call you  later. I am in meeting sir.",ham
Wewa is 130. Iriver 255. All 128 mb.,ham
Your cash balance is currently £500 - for m...,spam
"Hmm, I'll have to think about it... ok, you're fu...",ham
Sol Wkly Q Test! Win a top Sony DVD player...,spam
You have won a Nokia 7250i. That's what you...,spam
"K, I might come by tonight then if my class lets out early",ham
I don't know you and you don't know me. Send CHAT...,spam
Sure but since my parents will be working on Tuesday I don't really need a cover story,ham
Ur cash-balance is currently 500 pounds - to maximize ur cash-in now send COLLECT to 83600 only 150p/msg. CC: 08718720201 PO BOX 114/14 TCR/W1,spam
"URGENT! His mobile number was awarded £2,000 B...",spam
We're done...,ham
"Bears Pic Nick, and Tom, Pete and... Dick. In...",spam
You have won a guaranteed å£200 award or even å£1000 cashto claim UR award call free on 08000407165 (18+) 2 stop getstop on 88222 PHP. RG21 4JX,spam
Have you ever thought about living a good life with a...,spam
There's still a chance. If you search a lot you will...,ham
"URGENT! Your Mobile No was awarded a å£2,000 Bonus Caller Prize on 1/08/03! This is our 2nd attempt to contact YOU! Call 0871-4719-523 BOX95QU BT National Rate",spam
EASTENDERS TV Quiz. What FLOWER does DOT compare herself to? D= VIOLET E= TULIP F= LILY txt D E or F to 84025 NOW 4 chance 2 WIN å£100 Cash WKENT/150P16+,spam
Your opinion about me? 1. Over 2. Jada 3. Kusruthi 4. Lovable 5. Silent 6. Spl character 7. Not matured 8. Stylish 9. Simple Pls reply..,ham
He didn't see his shadow. We have an early spring...,ham
Your opinion about me? 1. More than 2. Jada 3. Kusr...,ham
Hey pple...$700 or $900 for 5 nights...Excellent location wif breakfast hamper!!!,ham
"Holidays in the Sun. To claim your medical holidays, send a...",spam
NOKIA or Motorola FREE with up to 12 months 1/2 pri...,spam
We can do 4 and normal pilates after our introduction...,ham
You have won a Nokia 7250i. That's what you...,spam
"Congratulations, 2 mobile 3G videophones, yours. to call...",spam
Sad story of a man - Last week was my birthday. M...,ham
"Otherwise, your prize will go to another...",spam
Today am going to college so am not able to atten the class.,ham
Urgent Urgent! We have 800 FREE flights to Europe...,spam
Well i know Z will take care of me. So no worries.,ham
"You've won £1,000 cash or a £2,000 prize! For...",spam
26th OF JULY,ham
For participating in our mobile survey yesterday...,spam
I need details about this online job.,ham
"You are being contacted by our Dating Service by someone you know! To find out who it is, call from your mobile or landline 09064017305 PoBox75LDNS7 ",spam
"Congrats 2 mobile 3G Videophones R yours. call 09063458130 now! videochat wid ur mates, play java games, Dload polypH music, noline rentl. bx420. ip4. 5we. 150p",spam
"Go to the oath point, crazy... Only available...",ham
"accordingly. I repeat, just text the word ok on your mobile phone and send",spam
Congrats! Nokia 3650 video camera phone is your Call 09066382422 Calls cost 150ppm Ave call 3mins vary from mobiles 16+ Close 300603 post BCM4284 Ldn WC1N3XX,spam
Refused a loan? Secured or Unsecured? Can't get credit? Call free now 0800 195 6669 or text back 'help' & we will!,spam
When did you and Derek finish class?,ham
What does your schedule look like next week? I'm out of...,ham
SMS. ac sun0819 posts HELLO:\You seem cool,spam
"Baby, I'm not denying your words, please",ham
"I'm eatin now lor, but goin back to work soon... E mountain deer show huh... I watch b4 liao, very nice...",ham
*FREE* POLYPHONIC RINGTONE Text SUPER to 8713...,spam
Of course ! Don't tease me ... You know I simply must see ! *grins* ... Do keep me posted my prey ... *loving smile* *devouring kiss*,ham
Your B4U voucher w/c 27/03 is MARSMS. Log onto www.B4Utele.com for discount credit. To opt out reply stop. Customer care call 08717168528,spam
Well done ENGLAND! Get the official poly ringtone or colour flag on yer mobile! text TONE or FLAG to 84199 NOW! Opt-out txt ENG STOP. Box39822 W111WX å£1.50,spam
URGENT! You've won a FREE 1-week subscription...,spam
ROMCAPspam Everyone around should be responding well to your presence since you are so warm and outgoing. You are bringing in a real breath of sunshine.,spam
"If you don't, your prize will go to another customer. T&C at www.t-c.biz 18+ 150p/min Polo Ltd Suite 373 London W1J 6HL Please call back if busy ",spam
"Will u meet ur dream partner soon? Is ur career off 2 a flyng start? 2 find out free, txt HORO followed by ur star sign, e. g. HORO ARIES",spam
"Thanks for your ringtone order, reference number X29. Your mobile will be charged 4.50. Should your tone not arrive please call customer services 09065989180",spam
You are now unsubscribed all services. Get tons of sexy babes or hunks straight to your phone! go to http://gotbabes.co.uk. No subscriptions.,spam
Where u been hiding stranger?,ham
It's been a while since I heard from U4. Call me now I'm here...,spam
ALERT BIG BROTHER! The computer selected you...,spam
"This is the 2nd time we have tried 2 contact u. U have won the 750 Pound prize. 2 claim is easy, call 08712101358 NOW! Only 10p per min. BT-national-rate",spam
I dunno until when... Lets go learn pilates...,ham
You have 1 new message. Please call 08718738034.,spam
Update your Facebook status frequently :),ham
We should meet to discuss our trip...,ham
"Congrats! 1 year special cinema pass for 2 is yours. call 09061209465 now! C Suprman V, Matrix3, StarWars3, etc all 4 FREE! bx420-ip4-5we. 150pm. Dont miss out!",spam
"Hi John, Peter here, I've been 2 Spain recently and...",ham
No:-) I got a rumor that you're going to buy an apartment...,ham
I can't believe how attached I am to seeing you every day. I know you will do the best you can to get to me babe. I will go to teach my class at your midnight,ham
"1 apple/day=No, doctor. 1 tulsi leaf/day = no cancer...",ham
"URGENT!! Your 4* Costa Del Sol Holiday or å£5000 await collection. Call 09050090044 Now toClaim. SAE, TC s, POBox334, Stockport, SK38xh, Costå£1.50/pm, Max10mins",spam
Then why you came to hostel.,ham
For taking part in our mobile survey yesterday! You can now have 500 texts 2 use however you wish. 2 get txts just send TXT to 80160 T&C www.txt43.com 1.50p,spam
"As a SIM subscriber, you are selected to receive...",spam
I dont thnk its a wrong calling between us,ham
"K, Jason says he'll be around, so I'll be...",ham
You've won a guaranteed prize of å£200 or even...,spam
Latest Nokia Mobile or iPOD MP3 Player + £400...,spam
You are being contacted by our Dating Service...,spam
Today my system sh get ready.all is well and i am also in the deep well,ham
OK...,ham
My sister scored two rounds in the Birlasoft test...,ham
Please leave this thread.. sorry for saying that..,ham
"That's a little strange, even? - where is the sup...",ham
"LOL.. *smiles*.. I'm not liked, but thanks for...",ham
Still i have not checked it da. . .,ham
Congratulations! 2 3G R mobile videophones of yours. lime...,spam
PRIVATE! Your 2003 account statement for shows...,spam
"Haha figures, well I found the piece and prisc...",ham
"If you're still awake, maybe leave the credit car...",ham
"SIX chances to win CASH! From 100 to 20,000 pounds txt> CSH11 and send to 87575. Cost 150p/day, 6days, 16+ TsandCs apply Reply HL 4 info",spam
"Hi, this is Mandy Sullivan calling from HOTMIX FM...you are chosen to receive å£5000.00 in our Easter Prize draw.....Please telephone 09041940223 to claim before 29/03/05 or your prize will be transferred to someone else....",spam
Are we still awake tonight?,ham
+123 Congratulations - in this week's competition...,spam
"In fact, happy new year. How are you where are you...",ham
"For your chance to win £250 cash every week, TXT...",spam
XCLUSIVE@CLUBSAISAI 2MOROW 28/5 SOIREE SPECIAL...,spam
"Final Chance! Claim ur å£150 worth of discount vouchers today! Text YES to 85023 now! SavaMob, member offers mobile! T Cs SavaMob POBOX84, M263UZ. å£3.00 Subs 16",spam
Will you meet your dream partner soon? Your career is...,spam
PRIVATE! Your 2004 Account Statement for 07742676969 shows 786 unredeemed Bonus Points. To claim call 08719180248 Identifier Code: 45239 Expires,spam
I walked an hour 2 c u! doesnåÕt that show I care y wont u believe im serious?,ham
PRIVATE! Your 2003 Account Statement for shows 800 un-redeemed S. I. M. points. Call 08715203694 Identifier Code: 40533 Expires 31/10/04,spam
We still on for tonight?,ham
<Forwarded from 448712404000>Please CALL 08712404000 immediately as there is an urgent message waiting for you.,spam
A person with a pure heart can have a wonderful smile...,ham
There is no 1 POLYPHONIC 4 tone your crowd every week! Just...,spam
FREE in the 1st week! No1 Nokia tone 4 your cell phone...,spam
URGENT! We are trying to contact UM. Today's day...,spam
staff.science.nus.edu.sg/~phyhcmk/teaching/pc1323,ham
18 days to Euro2004 kickoff! U will be kept informed of all the latest news and results daily. Unsubscribe send GET EURO STOP to 83222.,spam
RGENT! This is the 2nd attempt to contact U!U...,spam
RGENT! This is the 2nd attempt to contact U!U have WON å£1250 CALL 09071512433 b4 050703 T&CsBCM4235WC1N3XX. callcost 150ppm mobilesvary. maxå£7. 50,spam
Do you want a new Nokia 3510i color phone...,spam
I don't know u and u don't know me. Send CHAT to 86688 now and let's find each other! Only 150p/Msg rcvd. HG/Suite342/2Lands/Row/W1J6HL LDN. 18 years or over.,spam
When you return? G said you were...,ham
I walked for an hour 2 with you! This doesn't show that I...,ham
Hello. How was last night? I was rude and...,ham
PRIVATE! Your 2003 account statement for shows...,spam
Uncle Timi helps with cleaning cars,ham
You were bested by simonwatson5120 on Shinco...,spam
25p 4 alfie Moon's Children in need song on ur mob. Tell ur m8s. Txt Tone charity to 8007 for Nokias or Poly charity for polys: zed 08701417012 profit 2 charity.,spam
Dear i am not denying your words please,ham
OK thanks...,ham
07732584351 - Rodger Burns - MSG = We tried...,spam
Infact happy new year. How are you where are you when are we seeing,ham
EASTENDERS TV Quiz. What FLOWER does DOT com...,spam
Your account has been credited with 500 T...,spam
1Apple/Day=No Doctor. 1Tulsi Leaf/Day=No Cancer. 1Lemon/Day=No Fat. 1Cup Milk/day=No Bone Problms 3 Litres Watr/Day=No Diseases Snd ths 2 Whom U Care..:-),ham
"This week's new shades include: 1) McFly-All Ab..,...",spam
"Party's at my place at usf, no charge (but if you can contribute in any way it is greatly appreciated) and yeah, we got room for one more",ham
PRIVATE! Your 2003 Account Statement for shows 800 un-redeemed S.I.M. points. Call 08715203685 Identifier Code:4xx26 Expires 13/10/04,spam
Want explicit SEX in 30 secs? Ring 02073162414 now! Costs 20p/min Gsex POBOX 2667 WC1N 3XX,spam
ROMCAPspam Everyone around should be responding...,spam
We are supposed to meet to discuss abt our trip... Thought xuhui told you? In the afternoon. Thought we can go for lesson after that,ham
Married local women looking for discreet action now! 5 real matches instantly to your phone. Text MATCH to 69969 Msg cost 150p 2 stop txt stop BCMSFWC1N3XX,spam
WIN a year supply of CDs 4 a store of ur choice worth å£500 & enter our å£100 Weekly draw txt MUSIC to 87066 Ts&Cs www.Ldew.com.subs16+1win150ppmx3,spam
Married local women looking for discreet action...,spam
You have won a Nokia 7250i. This is what you get when you win our FREE auction. To take part send Nokia to 86021 now. HG/Suite342/2Lands Row/W1JHL 16+ ,spam
Buy Space Invaders 4 a chance 2 win orig Arcade Game console. Press 0 for Games Arcade (std WAP charge) See o2.co.uk/games 4 Terms + settings. No purchase,spam
HOT LIVE FANTASIES call now 08707509020 Only 2...,spam
Tessy..pls do me a favor. Pls convey my birthday wishes to Nimya..pls dnt forget it. Today is her birthday Shijas,ham
Hey they r not watching movie tonight so i'll prob b home early...,ham
I don't think it's a wrong connection between us,ham
25p 4 Alfie Moon's Children in Need music on your...,spam
Hiya. How was last night? I've been naughty and bought myself clothes and very little ... Ready for more shopping tho! What kind of time do you wanna meet?,ham
Wewa has 130. Iriver 255. All 128 mb.,ham
MIJO IS TALKING IS SOMEONE WHO REALIZES THIS...,ham
"Romantic Paris. 2 nights, 2 flights from å£79 Book now 4 next year. Call 08704439680Ts&Cs apply.",spam
"For ur chance to win a å£250 cash every wk TXT: ACTION to 80608. T's&C's www.movietrivia.tv custcare 08712405022, 1x150p/wk.",spam
Free entry in 2 a weekly comp for a chance to win an ipod. Txt POD to 80182 to get entry (std txt rate) T&C's apply 08452810073 for details 18+,spam
Tmr timin is still the same cause I got a lesson from you...,ham
"accordingly. I repeat, just send a message with the word ok or...",spam
"Today I'm going to college, so I can't...",ham
PRIVATE! Your 2003 Account Statement for shows 800 un-redeemed S. I. M. points. Call 08715203652 Identifier Code: 42810 Expires 29/10/0,spam
Then why did you come to the hostel.,ham
Crazy because he's married. ÌÏ like guys who look like God...,ham
My sister cleared two round in birla soft yesterday.,ham
Someone has contacted our dating service and entered your phone because they fancy you! To find out who it is call from a landline 09111032124 . PoBox12n146tf150p,spam
I'm not driving... It's raining! So I'm going to be cautious...,ham
Its a part of checking IQ,ham
"Sunshine Hols. To claim ur med holiday send a stamped self address envelope to Drinks on Us UK, PO Box 113, Bray, Wicklow, Eire. Quiz Starts Saturday! Unsub Stop",spam
Hi boys. Want hot XXX pics sent directly to 2...,spam
HMV BONUS SPECIAL 500 pounds of genuine HMV vouchers to be won. Just answer 4 easy questions. Play Now! Send HMV to 86688 More info:www.100percent-real.com,spam
What you doing?how are you?,ham
"HI, BABE, YOU'RE MOST LIKELY TO BE IN BED, BUT I'M SO...",ham
Oh dang! I didn't mean o send that to you! Lol!,ham
A pure hearted person can have a wonderful smile that makes even his/her enemies to feel guilty for being an enemy.. So catch the world with your smile..:) GOODMORNING &amp; HAVE A SMILEY SUNDAY..:),ham
This is the second time we have tried to contact you...,spam
Going through a very different feeling... wavering...,ham
"Sorry, I'll call you later. I'm in a meeting, sir.",ham
U have a secret admirer who is looking 2 make contact with U-find out who they R*reveal who thinks UR so special-call on 09058094599,spam
No:-)i got rumour that you going to buy apartment in chennai:-),ham
Update your face book status frequently :),ham
We'll you pay over like  &lt;#&gt; yrs so its not too difficult,ham
"\ME 2 BABE, I FEEL THE SAME, LET'S JUST 4 START...",ham
"Watch cartoons, listen to music and even...",ham
"Hello dear, we saw dear. We are both happy. Where ...",ham
Mind explosion. There will be no more tsunamis from...,ham
"K, maybe I'll stop by tonight if my class is over...",ham
Free entry to 2 weekly competitions for the chance to...,spam
Clear ! Don't tease me... You know I do...,ham
"O2 REMINDER: To get £2.50, call free...",spam
Hey pple...$700 or $900 for 5 nights...Excellent...,ham
"YOU VE WON! Your 4* Costa Del Sol Holiday or å£5000 await collection. Call 09050090044 Now toClaim. SAE, TC s, POBox334, Stockport, SK38xh, Costå£1.50/pm, Max10mins",spam
Well I know Z will take care of me. So do not worry...,ham
There is no 1 POLYPHONIC 4 tone your crowd every week! Just...,spam
"Well, I have to leave for my class, honey... Hey...",ham
Natalja (25/F) is inviting you to be her friend. Reply YES-440 or NO-440 See her: www.SMS.ac/u/nat27081980 STOP? Send STOP FRND to 62468,spam
This msg is for your mobile content order It has been resent as previous attempt failed due to network error Queries to customersqueries@netvision.uk.com,spam
"HOT LIVE FANTASIES call now 08707509020 Just 20p per min NTT Ltd, PO Box 1327 Croydon CR9 5WB 0870 is a national rate call",spam
"Free-message: Jamster!Get the crazy frog sound now! For poly text MAD1, for real text MAD2 to 88888. 6 crazy sounds for just 3 GBP/week! 16+only! T&C's apply",spam
"FreeMSG You have been awarded a FREE mini DIGITAL CAMERA, just reply SNAP to collect your prize! (quizclub Opt out? Stop 80122300p/wk SP:RWM Ph:08704050406)",spam
"Call me, I'm waiting for your call.",ham
Sunshine Quiz Wkly Q! Win a top Sony DVD player if u know which country Liverpool played in mid week? Txt ansr to 82277. å£1.50 SP:Tyrone,spam
"Storming msg: Wen u lift d phne, u say \HELLO\"" Do u knw wt is d real meaning of HELLO?? . . . It's d name of a girl..! . . . Yes.. And u knw who is dat girl?? \""Margaret Hello\"" She is d girlfrnd f Grahmbell who invnted telphone... . . . . Moral:One can 4get d name of a person",ham
I can't believe how attached I am to seeing you...,ham
"I'm eating now, but I'll be back to work soon....",ham
"Spoke with uncle john today. He strongly feels that you need to sacrifice to keep me here. He's going to call you. When he does, i beg you to just listen. Dont make any promises or make it clear things are not easy. And i need you to please let us work things out. As long as i keep expecting help, my creativity will be stifled so pls just keep him happy, no promises on your part.",ham
Ok lor...,ham
No... I think I'll do it on Monday... So...,ham
Mobile Club: Choose any of the top quality items for your mobile. 7cfca1a,spam
"You won't believe it, but it's true. It's Incre...",spam
"Call me da, i am waiting for your call.",ham
money!!! you are a lucky winner! 2 claim your p...,spam
FREE for 1st week! No1 Nokia tone 4 ur mob every week just txt NOKIA to 8007 Get txting and tell ur mates www.getzed.co.uk POBox 36504 W45WQ norm150p/tone 16+,spam
Someone contacted our dating service and...,spam
You have a secret admirer who is looking for 2 brands...,spam
"Update_Now - Xmas Offer! Latest Motorola, SonyEricsson & Nokia & FREE Bluetooth! Double Mins & 1000 Txt on Orange. Call MobileUpd8 on 08000839402 or call2optout/F4Q=",spam
How much are we getting?,ham
"Update_Now - Christmas Offer! Latest Motorola, Sony...",spam
I'm not driving... Raining! Then i'll get caught at e mrt station lor.,ham
"No, I'm working on the calling you thing, but I have...",ham
Minimum walk is 3miles a day.,ham
Do you want a New Nokia 3510i Colour Phone Delivered Tomorrow? With 200 FREE minutes to any mobile + 100 FREE text + FREE camcorder Reply or Call 08000930705,spam
"Congrats! 2 mobile 3G Videophones R yours. call 09061744553 now! videochat wid ur mates, play java games, Dload polyH music, noline rentl. bx420. ip4. 5we. 150pm",spam
Crazy ar he's married. ÌÏ like gd looking guys not me. My frens like say he's korean leona's fave but i dun thk he is. Aft some thinking mayb most prob i'll go.,ham
"REMINDER FROM O2: To get 2.50 pounds free call credit and details of great offers pls reply 2 this text with your valid name, house no and postcode",spam
"Honey, do you have enough money to buy...",ham
It's been a while since I heard from U4. Call 4 rude chat pr...,spam
This message is for your Itch mobile content request...,spam
I'll let you know because I'm back from vacation...,ham
"By the way, make sure you take the train to work...",ham
7 wonders of My WORLD 7th You 6th Your style 5th...,ham
"Hi, I'm processing. I'm 20 years old and I work as a...",spam
URGENT! We are trying to contact UM. Today's day...,spam
Natalja (25/F) is inviting you to be her friend...,spam
You need to convince him that it's not possible with...,ham
SO IS THE GOWER MATE WHO IS WHERE I AM!?! AS...,ham
Yes princess! I want to catch you with my big strong hands...,ham
No * am working on the ringing u thing but have whole houseful of screaming brats so * am pulling my hair out! Loving u,ham
U ned to convince him tht its not possible witot hurting his feeling its the main,ham
"Not sure yet, still trying to get a hold of him",ham
I've literally been in bed and awake for a while...,ham
"You'll pay about <#> years, so it's...",ham
Customer loyalty offer: The NEW Nokia 6650 cell phone...,spam
Please leave this topic..sorry for telling that..,ham
He didn't see his shadow. We get an early spring yay,ham
important information 4 orange user 0789xxxxxxx. today is your lucky day!2find out why log onto http://www.urawinner.com THERE'S A FANTASTIC SURPRISE AWAITING YOU!,spam
You are a winner U have been specially selected 2 receive å£1000 cash or a 4* holiday (flights inc) speak to a live operator 2 claim 0871277810810,spam
How is your schedule next week? I am out of town this weekend.,ham
Where are you? When will you get here?,ham
PRIVATE! Your 2003 account statement for shows...,spam
"URGENT! You have won a 1 week FREE membership in our å£100,000 Prize Jackpot! Txt the word: CLAIM to No: 81010 T&C www.dbuk.net LCCLTD POBOX 4403LDNW1A7RW18",spam
"They're just talking, that's us. They will not go...",ham
"Romantic Paris. 2 nights, 2 flights from £79...",spam
when you and derek done with class?,ham
Customer Loyalty Offer:The NEW Nokia6650 Mobile from ONLY å£10 at TXTAUCTION! Txt word: START to No: 81151 & get yours Now! 4T&Ctxt TC 150p/MTmsg,spam
Fantasy Football is back on your TV. Go to heaven...,spam
"For your chance to win £250 cash every week, TXT...",spam
"New Tones This week include: 1)McFly-All Ab.., 2) Sara Jorge-Shock.. 3) Will Smith-Switch.. To order follow instructions on next message",spam
Moby Pub Quiz. Win a £100 High Street Prize if...,spam
YOU WON! Your 4* holiday on the Costa Del Sol or...,spam
"Download as many ringtones as u like no restrictions, 1000s 2 choose. U can even send 2 yr buddys. Txt Sir to 80082 å£3 ",spam
GET an annual supply of 4 CDs from a store of your choice...,spam
I haven't checked yet. . .,ham
"Sorry,in meeting I'll call later",ham
Ok...,ham
"Your account has been credited with 500 FREE Text Messages. To activate, just txt the word: CREDIT to No: 80488 T&Cs www.80488.biz",spam
"Hi Shanil,Rakhesh here.thanks,i have exchanged the uncut diamond stuff.leaving back. Excellent service by Dino and Prem.",ham
Get your garden ready for summer with a FREE selection of summer bulbs and seeds worth å£33:50 only with The Scotsman this Saturday. To stop go2 notxt.co.uk,spam
Sorry I missed your call let's talk when you have the time. I'm on 07090201529,spam
Moby Pub Quiz.Win a å£100 High Street prize if u know who the new Duchess of Cornwall will be? Txt her first name to 82277.unsub STOP å£1.50 008704050406 SP,spam
"Hi Shanil, Rakhesh here. Thanks, I changed it...",ham
Did you understand that person's story?,ham
"Bears Pic Nick, and Tom, Pete and ... Dick. In fact, all types try gay chat with photo upload call 08718730666 (10p/min). 2 stop texts call 08712460324",spam
"SIX chances to win MONEY! From 100 to 20,000 po...",spam
Free entry in the 1st week 2 TEXTPOD 4 a chance 2 wins...,spam
Oooh bed ridden ey? What are YOU thinking of?,ham
Get your garden ready for summer with a FREE pack...,spam
For your chance to win a £250 weekly shopping campaign...,spam
Your B4U voucher w/c 3/27 is MARSMS. Access...,spam
Not heard from U4 a while. Call 4 rude chat private line 01223585334 to cum. Wan 2C pics of me gettin shagged then text PIX to 8552. 2End send STOP 8552 SAM xxx,spam
"Sunshine Hols. To claim ur med holiday send a stamped self address envelope to Drinks on Us UK, PO Box 113, Bray, Wicklow, Eire. Quiz Starts Saturday! Unsub Stop",spam
"SORRY, I'M STILL FUCKED AFTER LAST NIGHT WAS...",ham
"Hi Jon, Pete here, Ive bin 2 Spain recently & hav sum dinero left, Bill said u or ur åÔrents mayb interested in it, I hav 12,000pes, so around å£48, tb, James.",ham
"Well, I have to leave for my class babe ... You never came back to me ... :-( ... Hope you have a nice sleep, my love",ham
"URGENT! Your mobile was awarded a å£1,500 Bonus Caller Prize on 27/6/03. Our final attempt 2 contact U! Call 08714714011",spam
"Sad story of a Man - Last week was my b'day. My Wife did'nt wish me. My Parents forgot n so did my Kids . I went to work. Even my Colleagues did not wish. As I entered my cabin my PA said, '' Happy B'day Boss !!''. I felt special. She askd me 4 lunch. After lunch she invited me to her apartment. We went there. She said,'' do u mind if I go into the bedroom for a minute ? '' ''OK'', I sed in a sexy mood. She came out 5 minuts latr wid a cake...n My Wife, My Parents, My Kidz, My Friends n My Colleagues. All screaming.. SURPRISE !! and I was waiting on the sofa.. ... ..... ' NAKED...!",ham
Nope... Think i will go for it on monday... Sorry i replied so late,ham
 gonna let me know cos comes bak from holiday that day.  is coming. Don't4get2text me  number. ,ham
Where are you?when wil you reach here?,ham
"If you're still up, maybe leave the credit card so I can get gas when I get back like he told me to",ham
IMPORTANT MESSAGE. This is a final contact...,spam
Thats cool princess! I will cover your face in hot sticky cum :),ham
Last chance! Claim your £150 discount...,spam
Update from Wylie: My weed dealer Carlos has gone to...,ham
"Babe, have you got enough money to pick up bread and milk ? And I'll give you it back when you get home ?",ham
"7 wonders in My WORLD 7th You 6th Ur style 5th Ur smile 4th Ur Personality 3rd Ur Nature 2nd Ur SMS and 1st \Ur Lovely Friendship\""... good morning dear""",ham
"Well arms, how are Cardiff and the university?",ham
"The party is at my house at USF, free of charge (but if...",ham
"Where are you hiding, stranger?",ham
Todays Voda numbers ending 5226 are selected to receive a ?350 award. If you hava a match please call 08712300220 quoting claim code 1131 standard rates app ,spam
* FREE* POLYPHONIC RINGTONE Text SUPER to 87131 to get your FREE POLY TONE of the week now! 16 SN PoBox202 NR31 7ZS subscription 450pw,spam
Tessy..please do me a favor. Please broadcast my birthday...,ham
Dude just saw a parked car with its sunroof popped up. Sux,ham
I don't know until when... Let's learn pilates...,ham
You have now unsubscribed from all services. Get a ton...,spam
"Well done, ENGLAND! Get the official poly ring...",spam
You have 1 new message. Call 08718738034.,spam
This is the second time we have tried to contact you...,spam
"U were outbid by simonwatson5120 on the Shinco DVD Plyr. 2 bid again, visit sms. ac/smsrewards 2 end bid notifications, reply END OUT",spam
"K, jason says he's gonna be around so I'll be up there around  &lt;#&gt;",ham
Mind blastin.. No more Tsunamis will occur from now on.. Rajnikant stopped swimming in Indian Ocean..:-D,ham
