Titulo,Genero
Matemática para o 2º grau,Matematica
Matemática e Cidadania,Matematica
Literaturas Brasileira e Potuguesa,Literatura
Kant: Crítica da Razão Pura,Historia
Benchmarking: o caminho da qualidade total,Administracao
O lado humano da qualidade,Administracao
Formação do Brasil Contemporâneo,Historia
Administração de materiais e do patrimônio,Administracao
A Revolta dos colonizados,Historia
História: vestibular + enem,Historia
BIologia das Células,Biologia
Fotossíntese,Biologia
O Espaço Geográfico,Geografia
Curso de Desenhos e Pintura: pintura a óleo técnicas básicas,Artes
Introdução àdministração de empresas,Administracao
Sociedade e espaço: Geografia do Brasil,Geografia
Matemática contextos e aplicações,Matematica
Desembarque na Normandia: o mais longo dos dias,Historia
Museu Egípcio (Cairo),Artes
História Universal (coleção),Historia
Museu D'Orsay (Paris),Artes
História e civilização: o Brasil imperial e republicano,Historia
Museu do Louvre Paris,Artes
Além do apenas moderno,Literatura
História e civilização: o Brasil colonial,Historia
Administração de recursos materiais e patrimoniais: uma abordagem logística,Administracao
Cultuar e Sociedade no Brasil: 1940-1968,Historia
O mundo dos deuses e dos Heróis,Historia
O Brasil: da terra encantada à aldeia global,Artes
Biologia em contexto,Biologia
Vegetação brasileiro,Geografia
Matemática - Com trigonometria,Matematica
Teoria Geral da Administração para o século XXI,Administracao
Geografia do Mundo Moderno,Geografia
História Geral da Arte Escultura 1,Historia
A independência dos países da América Latina,Historia
Tempo e Espaço,Historia
Gestão Empresarial: de Taylor aos nossos dias,Administracao
Mesopotâmia: O amanhecer,Historia
Conjuntos e funções,Matematica
Pantanal,Artes
A arte da guerra para executivos,Administracao
O imperialismo,Historia
Operação Market Garden: uma ponte longe demais,Historia
O Processo da Independência do Brasil,Historia
Saga a grande história do Brasil,Historia
O que é Marxismo,Historia
Redes de pequenas e médias empresas e desenvolvimento local,Administracao
Prática da Administração de empresas,Administracao
Museu do Louvre Paris,Artes
Estados Unidos,Historia
A Arte da Felicidade no trabalho sua santidade,Artes
Diálogos: o banquete-fédon -sofista - político,Historia
Sociedade e política na Primeira República,Historia
Por dentro da Hstória,Historia
Administração de Pessoal,Administracao
Horizontes da história,Historia
Platão: Diálogos,Historia
Iniciação ao Teatro,Artes
Geografia Geral e do Brasil - estudos para a compreensão do espaço,Geografia
Curso de Estatística,Matematica
national Gallery of Art (Washington),Artes
Fundamentos da Matemática Elementar,Matematica
História de Santos,Historia
Biologia dos organismos,Biologia
Diversidade Animal,Biologia
Maquiavel: a lógica da força,Historia
A dinâmica do corpo humano,Biologia
O Nazismo: história de um sobrevivente.,Historia
Atlas da história antiga,Historia
Elementos de Geometria analítica,Matematica
Matemática 1,Matematica
Visão do Paraíso,Historia
Introdução à Informática,Matematica
Gemäldegalerie (Berlim),Artes
Noções de cálculo numérico,Matematica
O Sangue,Biologia
Fronteira e guerras no Prata,Historia
Exploração submarina,Geografia
História geral e do Brasil,Historia
Geocontexto- geografia,Geografia
Elementos de comportamento organizacional,Administracao
Pinacoteca do Estado de São Paulo (São Paulo),Artes
Novo olhar História,Historia
O Japão curva-se diante do poder atômico,Historia
Iniciação a Administração de pessoal,Administracao
Licões de cálculo diferencial e integral,Matematica
Obras completas com prefácio e notas do prof. Marques Braga,Literatura
Leituras da História,Historia
Administração: mudanças e perspectivas,Administracao
Matemática para o ensino médio,Matematica
Matemática: contexto e aplicações -Ensino Médio para a educação superior,Matematica
Edward Hopper: transformação do real,Artes
Ulisses e a fúria de poseidon,Historia
Administrando para o Futuro (os anos 90 e a virada do século),Administracao
Biologia:  estrutura e funcionamento - Embriologia,Biologia
Geografia: série Brasil,Geografia
Hereditariedade,Biologia
Minimalismo,Artes
Odisséia,Historia
Geografia espaço e vivênvia,Geografia
Matemática para a escola de hoje.,Matematica
A escravidão no Brasil,Historia
Administração de Marketing,Administracao
Gerência da qualidade total,Administracao
Biologia ser protagonista,Biologia
Matemática e Vida,Matematica
A nova Geografia: Estudos de Geografia do Brasil,Geografia
Matemática para economia e administração,Matematica
Nietzsche: obras incompletas,Historia
História,Historia
Biologia: Livro Texto 1ª Série,Biologia
Matemática: Ensino Médio,Matematica
Reengenharia:revolucionando a empresa em função dos alunos,Administracao
A Baixada Santista: aspectos e suas indústrias,Historia
Violencia no campo: o latifundio e a reforma agraria,Historia
Inconfidencia Mineira,Historia
Bio 2 - Seres Vivos,Biologia
Biologia 3 - Genética - Evolução - Ecologia,Biologia
Biologia 2 - Seres vivos - Fisiologia,Biologia
Ensinar História,Historia
Museu Arqueológico Nacional (Atenas),Artes
União Européia: história e geopolítica,Historia
Matemática: vestibular + enem,Matematica
O Brasil Pós - Milagre,Historia
Didática de geografia: Memória da Terra,Geografia
O Polegar do Panda,Biologia
Iniciação ao Estudo da Administração,Administracao
Exploração da obra literária,Literatura
Embate encarniçado em Iwo Jima e Okinawa,Historia
Zoologia,Biologia
O mundo antigo: economia e sociedade,Historia
Dicionário prático ilustrado,Historia
A Narrativa da Ficção,Literatura
Problemas sobre teoria dos preços,Administracao
Contabilidade Empresarial,Administracao
Político e rebelião nos anos 30,Historia
Argentina Civilização e Barbárie,Historia
Thomás de Aquino: a razão a serviço da Fé,Historia
A Muralha do Atlântico: a lição do assalto a Dieppe,Historia
Fundamentos de Administração,Administracao
Casa grande e senzala,Historia
Super Project Plus: guia do usuário,Administracao
Salvador Dali,Artes
Geografia geral: o espaço natural e sócio - econômico,Geografia
Antologia da Literatura: do classicismo ao pré-modernismo,Literatura
Poliantéia Santista,Historia
Criando organizações eficazes: estruturas em cinco configurações,Administracao
O processo administrativo,Administracao
Explorando a África,Historia
Estudos organizacionais modelos de análise e novas questões em estudos organizacionais,Administracao
Climatologia do Brasil,Geografia
História Moderna e Contemporânea,Historia
História Geral da Arte Arquitetura XI,Historia
Literatura Portuguesa,Literatura
História e Vida,Historia
O Nazismo,Historia
Alte Pinakothek,Artes
Genocídio americano: A Guerra do Paraguai,Historia
O Vampiro que descobriu o Brasil,Literatura
Elementos de teoria literária,Literatura
Nova Estrutura reinventando sua empresa,Administracao
Terra do Brasil : a conquista lusitana e o genocídio Tupinambá,Historia
Ciências Biológias,Biologia
História Geral da Arte - A arte: a beleza e suas formas,Historia
Conecte Território e Sociedade,Geografia
Pelos caminhos da História,Historia
Atlas animais,Biologia
Galeria Nacional de Washington,Historia
Renascimento e Humanismo: O Homem e o Mundo Europeu do sec. XIV,Historia
Administração de Projetos: Como transformar idéias em resultados,Administracao
Santos: Um encontro com a História e a Geografia,Historia
Trabalhando com Mapas: o mundo desenvolvido,Geografia
O Egito,Historia
Geografia geral: o espaço natural e socioeconômico,Geografia
História concisa da literatura brasileira,Literatura
Energia para o Século XXI,Geografia
O cálculo com geometria analítica,Matematica
História do Brasil: no contexto da história ocidental,Historia
Matemática 2,Matematica
Tragédia na Iugoslávia: Guerra e Nacionalismo no leste europeu,Historia
A aurora da civilização,Historia
Números complexos polinômios e equações algébricas,Matematica
Matemática :contexto e aplicações-2,Matematica
A república do progresso,Historia
A nova geografia: estudos de geografia da América,Geografia
A cidade - estado antiga,Historia
Geoatlas,Geografia
Fundamentos de Matemática Elementar - logarítimos,Matematica
Literaturas  Brasileira e Portuguesa,Literatura
A teia da vida,Biologia
Fisiologia e bioquimica da celula,Biologia
História da Riqueza do Homem,Historia
Curso de Minerologia,Biologia
Geografia Crítica,Geografia
Bandeirantes,Historia
Origens de Roma,Historia
História e consciência do Mundo,Historia
Introdução à Teoria da Literatura,Literatura
A nova política do Brasil: o estado novo 10 de nov. de 1937 a 25 de jul. de 1938,Historia
História Geral da Arte - Arquitetura III,Historia
Museu de Arte de São Paulo - Assis Chateaubriand - MASP,Artes
Fitocromo e crescimento vegetal,Biologia
Biologia: invertebrados,Biologia
Princípios de filosofia animal,Biologia
Hitler desafia a ordem mundial,Historia
O Século Inacabado: A América desde 1900,Historia
Negócios sociais sustentáveis,Administracao
D. Pedro I e a Marquesa de Santos,Historia
Documentos de história do Brasil de Cabral aos anos 90,Historia
Manual de treinamento e desenvolvimento,Administracao
Museu Van Gogh (Amsterdã),Artes
As Guerras de independência da América Latina,Historia
Espaço Geográfico,Geografia
Enterrem meu coração na curva do Rio: índios contam o massacre de sua gente.,Historia
Luiz gama: de escravo a libertador,Historia
O limiar da liberdade  -Inconfidência Mineira : sonho ou pesadelo?,Historia
Maquiavel o Príncipe: escritos políticos,Historia
Orientação de Leitura e Abordagem Literária - Prosa,Literatura
Comportamento Animal,Biologia
Wassily Kandinsky: a revolução da Pintura,Artes
História Global Brasil e Geral,Historia
A cidade antiga,Historia
Fundamentos da Biologia Moderna - vol único,Biologia
Manual do Professor de Biologia,Biologia
Curso de trigonometria plana,Matematica
A queda de Berlim e o fim da guerra na Europa,Historia
Reinventando a liberdade: A Abolição da escravatura no Brasil,Historia
Mercantilismo e transição,Historia
Controladoria Estratégica e Operacional,Administracao
História:conexões com a História,Historia
À procura dos mundos perdidos,Geografia
História da Igreja do Rosário de Santos,Historia
Atlas: O corpo humano,Biologia
Geografia do Brasil: região centro - oeste,Geografia
Matemática Financeira com HP12C e Excel,Matematica
Os Sonhadores de Vila Rica. A inconfidência Mineira de 1789,Historia
Toda a História: História Geral e do Brasil.,Historia
A formação de Israel e a questão palestina,Historia
Biologia - Ciência,Biologia
Geografia a construção do mundo:Geografia Geral e do Brasil,Geografia
Lutas e Sonhos: Cultura política,Historia
Como reconhecer a arte Barroca,Historia
Bairros rurais paulistas,Historia
Geografia do Brasil: região sul,Geografia
Biologia: Genética,Biologia
Grutas da região Cársica de Lagoa Santa - Lapinha,Geografia
Cálculo das funções de uma variável,Matematica
Matemática construção e significado,Matematica
Regimes políticos,Historia
Síntese de História da Cultura Brasileira,Historia
Matemática: a equação da vida,Matematica
A violência no Brasil,Historia
Cultura e sociedade no Brasil colônia,Historia
História das lutas com os Holandeses no Brasil desde 1624 a1654,Historia
National Gallery (Londres),Artes
Geografia e participação: as regiões do Brasil,Geografia
Pão de Açúcar,Artes
Dinâmica e Contrastes,Geografia
Estudos de Literatura Brasileira,Literatura
O que todos devem saber sobre Bancos: o banco e suas funções,Administracao
Temas da Geografia Mundial,Geografia
Sociedade e Espaço,Geografia
Biologia: Uma abordagem evolutiva e ecológica,Biologia
Como reconhecer a arte do Renascimento,Historia
Museu de História  da Arte,Artes
Aprendizagem e inovação Organizacional,Administracao
Brasil terra virgem,Historia
Dicionário da matemática moderna,Matematica
Biologia 2: Seres Vivos estrutura e função,Biologia
Biologia do Organismos,Biologia
A viagem do descobrimento,Historia
Brasileiras guerreiras da paz,Historia
Matemática 2º grau,Matematica
Conjuntos relações funções inequações,Matematica
História da Administração,Administracao
Exercícios de trigonometria plana,Matematica
História Geral da Arte - A arte e o artista,Historia
Documentos de História do Brasil: De cabral aos anos 90,Historia
Ecologia das interações entre insetos e plantas,Biologia
Programas de Saúde,Biologia
A república brasileira,Historia
História antiga e medieval,Historia
Enciclopédia dos Municípios Brasileiros,Geografia
Geografia do Brasil: região nordeste,Geografia
Teoria e projeto das organizações,Administracao
História Integrada,Historia
Apologia de Sócrates Banquete,Historia
Administração de volta às origens: arte perdida da liderança,Administracao
O escravismo antigo,Historia
História dos Tributos no Brasil,Historia
O crescimento das árvores,Biologia
História dos Três Reinos da Natureza,Geografia
Um retrato do Japão,Historia
História do Brasil,Historia
História e Vida: Da idade Moderna à Atualidade,Historia
Matemática para você,Matematica
Administração Estratégica: Planejamento e implatação da estratégica,Administracao
Conscience Morbide,Historia
Biologia,Biologia
Sócrates: o mártir da filosofia,Historia
Dicionário etmológico e circunstanciado de biologia,Biologia
Biologia: Origem da Vida e Citologia,Biologia
Les Enigmes de la création,Geografia
Literaturas Brasileira e Portuguesa,Literatura
Estudo da biodiversidade,Biologia
Administração,Administracao
Gerenciamento da Informação: um recurso estratégico ...,Administracao
Geografia da América Latina,Geografia
Corpo Humano: funções de nutrição,Biologia
Getúlio Vargas,Historia
Frio,Geografia
O computador na administração de empresas,Administracao
Biologia Atual,Biologia
Histórias do cotidiano,Historia
A deriva dos continentes,Geografia
Bacon,Historia
D.João VI: Os Bastidores da Independência,Historia
Os cromossomos,Biologia
Caminhos do Mar: Memórias do comércio da Baixada Santista,Historia
Sociedades Indígenas,Historia
Matemática aplicada à economia: sintese da teoria,Matematica
Literatura brasileira das origens aos nossos dias,Literatura
Napoleão,Historia
Adorno,Historia
Aprendizagem organizacional em tempos de mudança,Administracao
Como o Brasil ficou assim? Formação das fronteiras e tratados dos limites,Historia
Sociedade e espaço: geografia geral e do Brasil,Geografia
O racismo na história do Brasil: Mito e Realidade,Historia
Da reforma à contra-reforma: o cristianismo em crise,Historia
Curso de Ciências biologicas: Zoologia,Biologia
Shakespeare de A à Z,Historia
Os melhores poemas,Literatura
História: O Brasil em Foco,Historia
Organização de Eventos e Solenidades,Administracao
50 Casos Reais de Administração,Administracao
A europa na idade moderna: do Renascimento ao Século da Luzes,Historia
Biologia no terceiro milênio 3,Biologia
Matemática,Matematica
Os Índios Norte - Americanos: Cinco séculos de Luta e opressão,Historia
300 propostas de artes visuais,Artes
A guerra chega aos bálcãs,Historia
Descartes: a filosofia da mente de Descartes,Historia
Como organizar e administrar uma cooperativa,Administracao
Biologia - Livro Texto Anglo - Ensino Médio 1ª Série,Biologia
Fundamentos de Matemática Elementar 11,Matematica
Aprendendo Delphi: guia prático,Matematica
Matemática Fundamental,Matematica
A legenda dourada: nova mitologia clássica,Historia
A luz e a vida das plantas,Biologia
Saída pelo triângulo,Matematica
História Global: Brasil e Geral,Historia
Botânica,Biologia
Matemática na escola do 2º grau,Matematica
O que é subdesenvolvimento,Historia
O gênio do futuro,Historia
O Brasil não é Risco é Oportunidade - Depende de Nós,Historia
Salvador Dali,Artes
Cem dias entre o céu e mar,Geografia
Matemática - Livro do Professor,Matematica
História Geral: Moderna e Contemporânea,Historia
O dilema da Amazônia,Historia
Museu Pushkin,Artes
Teoria do Verso,Literatura
A nova ordem mundial,Geografia
As lutas do povo brasileiro. Do descobrimento a Canudos,Historia
De Getúlio a Juscelino 1945 - 1961,Historia
As primeiras civilizações,Historia
Geografia do Brasil: região norte,Geografia
TQC Controle da Qualidade Total,Administracao
Histórias Antiga e medieval,Historia
Museu Hermitage (São Petersburgo),Artes
Apologia de Sócrates: ditos e feitos memoráveis de Sócrates,Historia
O melhor da nossa história,Historia
Genética do Desenvolvimento,Biologia
Votorantim 90 anos: uma história de trabalho,Administracao
Português: teoria literária comunicação e expressão,Literatura
Aprenda a delegar com eficiência,Administracao
Trazendo os princípios de Deming da sala de aula para a empresa,Administracao
Biologia: Ciência e tecnologia,Biologia
Bioquímica da poluição,Biologia
Van Gogh,Artes
As Diversas faces do Terrorismo,Historia
Matemática ciência e aplicações,Matematica
Brasília Kubitschek de Oliveira,Historia
Logística Empresarial,Administracao
Imperialismo e fragmentação do espaço,Geografia
Administração estratégica,Administracao
Revolução dos Farrapos,Historia
O Universo da Matemática,Matematica
Terceiros mundos,Geografia
Biologia só testes,Biologia
O Brasil quinhentista de Jean de Léry,Historia
Biologia - Seres Vivos,Biologia
TQC Controle da qualidade total no estilo japonês,Administracao
Aulas práticas de Matemática - 3,Matematica
O Brasil da Abertura de 1974 à Constituinte,Historia
Geografia: paisagem e territorio,Geografia
A formação do império português (1415 - 1580),Historia
O que é Palestina,Historia
A Alemanha domina a Polônia,Historia
Geografia do Brasil e Geral Povos eTerritórios,Geografia
A evolução na biologia moderna,Biologia
A República Velha e a Revolução de 30,Historia
Vegetação Brasileira,Biologia
Criando organizações eficazes : estruturas em cinco configurações,Administracao
Quatro cantos,Literatura
Biologia uma abordagem evolutiva e ecológica,Biologia
Biologia Livro Texto 3,Biologia
B Calixto Imortalidade,Historia
Jogos de Empresa,Administracao
Comunicação visual e expressão artes plásticas e desenho,Matematica
A queda dos países baixos,Historia
Projeto arte brasileira,Historia
Do conhecimento histórico,Historia
História da vida privada: Do Império Romano ao ano Mil I,Historia
História 1: Brasil Colônia,Historia
Administração de carreiras,Administracao
O que é Poesia Marginal,Literatura
A nova política do Brasil,Historia
Seventeenth and Eighteenth Century French Porcelain,Artes
Revolta de colonos imigrantes,Historia
O homem fóssil,Biologia
Estudos de Matemática,Matematica
Geografia Geral: Nova Geopoítica,Geografia
Metropolitan Museum of art (Nova York),Artes
Biologia  vol. único,Biologia
Biologia: vestibular + enem,Biologia
História da arte,Historia
História do Negro Brasileiro,Historia
A Amazônia,Historia
Literatura e Linguagem,Literatura
A unificação da Europa,Historia
A ordem é o progresso: O Brasil de 1870 à 1910,Historia
Os novos paradigmas,Administracao
A prática do planejamento participativo,Administracao
Dinamarca e Noruega alimentam a máquina de Guerra Alemã,Historia
Aulas práticas de Matemática - 1,Matematica
Iniciação à organização e controle,Administracao
A nova geografia,Geografia
Administração de Materiais e Recursos Patrimoniais,Administracao
A grande sacada de Pedro,Historia
Atlas da História Medieval,Historia
Atlas geográfico melhoramentos,Geografia
Brasil: Sociedade e espaço,Geografia
A descolonização da Ásia e da África,Historia
O pintor que pintou o sete,Artes
Empresa competitiva ecológica,Administracao
British Museum (Londres),Artes
Fronteiras da Globalização geografia geral e do Brasil,Geografia
Viagem pitoresca e Histórica ao Brasil,Historia
Responsabilidade social e governança,Administracao
Roma: Vida pública e vida privada,Historia
Geografia do Brasil: Dinâmico e contrastes,Geografia
WITTGENSTEIN: Investigações filosóficas,Historia
Análise e Administração Financeira,Administracao
Geografia Sociedade e cotidiano,Geografia
Geografia: vestibular + enem,Geografia
Brasil História e Sociedade,Historia
O pintor que pintou o sete,Artes
A Alemanha: dias idos e vividos,Historia
Matematica financeira,Matematica
O grande livro das Oceanos,Geografia
Fronteiras da Globalização,Geografia
Matemática (Plus),Matematica
manual de organização de eventos,Administracao
geografia,Geografia
Fundamentos de Matemática Elementar : trigonometria,Matematica
As rebeliões Coloniais,Historia
Hércules e os doze trabalhos,Historia
Uma epopéia Brasileira a coluna Prestes,Historia
O caminho do deming para a qualidade e produtividade,Administracao
Literatura produção de textos e gramática,Literatura
Projetos de estágio e de pesquisa em administração,Administracao
O Racismo na história do Brasil,Historia
Endocrinologia Bioquímica dos Vertebrados,Biologia
Os Bálcãs: história e crise,Historia
Geocontexto: geografia para o mensino médio,Geografia
Matsukita: lições de liderança para o próximo milênio,Administracao
Matemática aula por aula,Matematica
Motivação e resultados,Administracao
Geografia e participação,Geografia
Globalização o que é isso afinal?,Historia
Wassily Kandinsky: a revolução da Pintura,Artes
Qualidade de vida e desenvolvimento econômico sustentável em santos,Administracao
Stalingrado detém avanço nazista no leste,Historia
Qualidade total em serviços,Administracao
Chemistry of organic compounds,Biologia
Organização e projeto de computadores: a interface Hardware/Software,Matematica
O que é Revolução,Historia
A construção do espetáculo,Artes
Algoritmos e Estruturas de dados,Matematica
Território e Sociedade,Geografia
A guerra fria,Historia
História em movimento - dos primeiros humanos ao Estado Moderno,Historia
Indústria e trabalho no Brasil: limites e desafios,Historia
Teoria Geral da Administração : da escola...,Administracao
Biologia - programa Completo,Biologia
Cinema e história do Brasil,Historia
Principios de Administração Financeira,Administracao
O Foco Narrativo,Historia
Fundamentos Matemáticos para a Ciência da Computação,Matematica
O código genético,Biologia
A crise do mundo socialista,Geografia
Desenhando com o lado direito do cérebro,Artes
Matemática (Resolução de todos os exercícios),Matematica
Juazeiro: guerra no sertão,Historia
Biologia - Ensino Médio 1ª Série,Biologia
História Geral: a construção de um mundo globalizado,Historia
Manual de terceirização,Administracao
Vereda digital Geografia,Geografia
A utopia,Historia
Língua e Literatura,Literatura
História Geral  e Brasil,Historia
Nova geografia do Brasil,Geografia
A questão do índio,Geografia
Tomismo hoje,Historia
Genética e Adaptação,Biologia
Império do Café: A grande lavoura no Brasil 1850 à 1890,Historia
Vocabulário etimológico de biologia,Biologia
O grau zero da escritura,Literatura
os microrganismos e o homem,Biologia
450 anos de história,Historia
Administração por exceções,Administracao
A guerra da secessão dos Estados Unidos,Historia
África e Brasil: uma ponte sobre o Atlântico,Historia
A Etiqueta no Antigo Regime,Historia
A segunda guerra mundial,Geografia
A formação das nações latino - americanas,Historia
Animais úteis ao homem,Biologia
Mussolini sonha com um novo império,Historia
Fortalecendo sua equipe de Vendas,Administracao
Biologia de olho no mundo do trabalho,Biologia
Museu Pushkin,Artes
História da civilização Mundial,Historia
O microscópio eletrônico em biologia,Biologia
Massacre em Pequim,Historia
História da literatura luso-brasileira,Literatura
Rijksmuseum,Artes
Combinatoria Matrizes e determinantes,Matematica
Conecte: Território e sociedade no mundo globalizado,Geografia
Navegar é preciso: grandes descobrimentos maritimos europeus,Geografia
A tragédia: estrutura e história,Historia
Matemática uma nova abordagem,Matematica
Conecte História,Historia
Matemática 3,Matematica
Oficina de História,Historia
D. João VI: Os bastidores da independência,Historia
A Revolução mexicana,Historia
Brasileiros brazilians: o olhar andarilho de Araquém Alcântara,Artes
Ciências Biológicas - 2,Biologia
A escrita da História,Historia
Os Maias,Historia
Organização de Eventos,Administracao
Como reconhecer a arte gótica,Historia
Biologia programa completo,Biologia
Biologia: Programa Completo,Biologia
Administração hospitalar,Administracao
A industrialização Brasileira,Historia
Museu de História  da Arte,Artes
Estudos de Redação,Literatura
A invasão cultural norte americana,Historia
Geografia do Brasil: região sudeste,Geografia
Estudos de história moderna e contemporânea,Historia
Genética Humana e medicina,Biologia
História da cultura: origem e evolução,Historia
Camelot - Os anos Kennedy,Historia
Literatura história e texto 2,Literatura
Teseu e o minotauro,Historia
Iniciação ao Teatro,Artes
Logística na cadeia de suprimentos,Administracao
História da vida privada no Brasil,Historia
Colombo e a América: Quinhentos anos depois,Historia
Memória e Tempo das Igrejas de São Paulo,Historia
Geografia - Espaço e Vivência,Geografia
Geografia-Leituras e Interação,Geografia
Pequena viagem pelo mundo da arte,Artes
Hysteria – grupo XIX de Teatro,Artes
Como reconhecer a arte romântica,Historia
Matemática - Volume único,Matematica
Dialogos - Mênon - Banquete - Ledro,Historia
Estudos e história antiga e Medieval,Historia
Os Rios e a Floresta: Amazonas e Pará,Geografia
Introduçâo à Teoria Geral da Administração,Administracao
Alte Pinakothek,Artes
História e Vida: Brasil - Pré - História à Idade Média,Historia
Formação da África contemporânea,Historia
Batalha da Ardenas: a última chance para a Wehrmacht,Historia
Gestão da Mudança: caos e complexidades nas organizações,Administracao
Matemática e Vida 2º grau,Matematica
Geografia Geral: O espaço natural e socioecomômico,Geografia
Literatura - História e texto 3,Literatura
National Gallery (Londres),Artes
Os ciclos de vida das organizações: como...,Administracao
Métodos Estatísticos para melhoria da Qualidade,Administracao
Nos Tempos de Getúlio: Da Revolução de 30 ao fim do Estado Novo,Historia
O mundo contemporâneo,Geografia
Geografia geral e do Brasil,Geografia
História do Brasil: Os 500 anos do País em uma obra completa...,Historia
Museu de Arte de São Paulo - Assis Chateaubriand - MASP,Artes
Assim se escreve... gramática Assim escreveram literatura brasil portugal,Literatura
Fundamentos de planejamento do produto,Administracao
Cálculo Com geometria Analítica Vol 2,Matematica
Matemática: construção e significado,Matematica
História da América,Historia
Administração Contemporânea,Administracao
As Idéias fundamentais da matemática e outros ensaios,Matematica
A ofensiva aérea contra a alemanha,Historia
História:  geral do Brasil,Historia
O império da boa sociedade: A Consolidação do Estado Imperial brasileiro,Historia
Pinacoteca do Estado de São Paulo (São Paulo),Artes
Arquitetura de computadores,Matematica
Museu Hermitage (São Petersburgo),Artes
Força Viva,Historia
Arte em revista,Historia
O último teorema de Fermat História do enigma que confudiu as maiores mentes do mundo ...,Matematica
Metropolitan Museum of art (Nova York),Artes
Toda a história: história geral e história do Brasil,Historia
Projeto de ensino de geografia geral,Geografia
História Geral da Arte - Arquitetura I,Historia
Leste europeu: a revolução democrática,Historia
Geologia Generale e applicata all ingegneria,Biologia
A criação do mundo,Historia
A Saga Tupinambá,Historia
Evolução política do Brasil e outros estudos,Historia
Os mais relevantes projetos de conc. dos cursos de MBAS de 2002,Administracao
A pintura: O mito da pintura V. 01/ A teologia da imagem e o estatuto da pintura v. 02,Artes
Estudos de Língua e Literatura,Literatura
A Literatura Brasileira,Literatura
Cálculo 2: funções de um variável,Matematica
Os movimentos pop,Artes
Como obter e manter o sucesso no varejo,Administracao
Matemática - Ciência e aplicações,Matematica
Cálculo com geometria analítica Vol 1,Matematica
Por que os gerentes falham,Administracao
A viagem do descobrimento - A verdadeira história da expedição de cabral,Historia
Formação da literatura brasileira,Literatura
Análise financeira de balanço: abordagem básica e gerencial,Administracao
Toda a literatura portuguesa e brasileira,Literatura
História Geral,Historia
Construindo Planos de Negócios,Administracao
Geografia Geral e do Brasil espaço geografico e globalização,Geografia
national Gallery of Art (Washington),Artes
História - Conexões,Geografia
História Geral da Arte Arquitetura IV,Historia
O processo da comunicação,Literatura
Política para quê?,Historia
CHRISTIE'S,Artes
Estudos de História,Historia
História em Curso: O Brasil e suas Relações com o mundo ocidental,Historia
História da civilização ocidental,Historia
Galeria Uffizi (Florença),Artes
A narração teoria e prática,Literatura
British Museum (Londres),Artes
Geografia e participação: as Américas e as regiões polares,Geografia
Teoria geral da Adiministração,Administracao
A análise geográfica,Geografia
A Trova: raízes e florescimento - UBT,Literatura
História Moderna e Comtemporânea,Historia
Administração e Controle,Administracao
Croquis de Pagu,Artes
Brasil a terra e o homem: V.11 A vida humana,Historia
História e civilização: o mundo moderno e contemporâneo,Historia
Toda história: História Geral e História do Brasil,Historia
Hysteria – grupo XIX de Teatro,Artes
Por que Pacifismo?,Historia
A revolução burguesa,Historia
As Cruzadas,Historia
Cidadania em preto e Branco,Geografia
Estatisca elementar: estatistica descritiva,Matematica
Crítica da razão pura,Historia
Contestado: a revolta dos sem - terras,Historia
Minas Colonial,Historia
Atreva-se a ser o líder,Administracao
Educação Matemática,Matematica
A pintura: O mito da pintura V. 01/ A teologia da imagem e o estatuto da pintura v. 02,Artes
Biologia: forma e função,Biologia
Galeria Uffizi (Florença),Artes
O Renascimento,Historia
Biologia - Ciência e Tecnologia,Biologia
Antes do baile verde,Literatura
Cálculo um novo horizonte,Matematica
Animais Pré-Históricos,Biologia
Guerra fria a era do medo,Historia
Hístoria Moderna Contemporânea,Historia
Curso básico de biologia,Biologia
Aulas práticas de Matemática,Matematica
Aprender e aplicar matemática,Matematica
Previsão do tempo e clima,Geografia
Perguntas e Respostas para a administração de...,Administracao
Curso de matemática para economistas,Matematica
História Geral da Arte - O objeto artístico,Historia
Operação Barbarossa: Hitler e Stálin em duelo de morte,Historia
História - Sociedade e Cidadania,Historia
Mamática 2 grau,Matematica
Síntese da coleção História Geral da África - século XVI ao século XX,Historia
A geografia da gente,Geografia
Matemática  curso fundamental,Matematica
Síntese da coleção História Geral da África - Pré-história ao seculo XVI,Historia
Matemática - Curso Colegial Moderno,Matematica
Iluminismo: a revolução das luzes,Historia
Geometria Plana: conceitos básicos,Matematica
Geografia do Brasil e Geral,Geografia
História Moderna: através de textos,Historia
Biologia - volume único,Biologia
Os melhores poemas de Castro Alves,Geografia
História Integrada: Da idade Média ao Nascimento do mundo Moderno,Historia
A fantástica volta ao mundo: registros e bastidores de viagem por Zeca Camargo,Geografia
Programa de Qualidade Geral  - PQC,Administracao
Pânico no mar: a guerra no Atlântico,Historia
Literatura: Textos e Técnicas,Literatura
Literatura História e texto,Literatura
Produtividade e ambiente de trabalho: gestão de pessoas e carreira,Administracao
Geografia: a natureza humanizada,Geografia
Brasil a terra e o homem,Historia
Os vícios da Republica: negócios e poder na passagem para séc. XX,Historia
A saúde do Brasileiro,Historia
Bio - Introdução a Biologia,Biologia
Sedução dos modismos: adoção indiscriminada de novas práticas gerenciais,Administracao
Projeto de Ensino de Geografia,Geografia
Projeto de ensino de geografia :Geografia Geral,Geografia
O Espaço Geográfico - Geografia Geral e do Brasil,Geografia
Princípios de Administração,Administracao
Tópicos de álgebra e arimética,Matematica
Finanças corporativas e valor,Administracao
15 Anos de Fuvest: Biologia,Biologia
Diversidade de plantas e animais,Biologia
Museu Egípcio (Cairo),Artes
Galerias da Academia (Veneza),Artes
O trabalho do geografo no terceiro mundo,Geografia
Os segredos da matemática financeira,Matematica
Trabalhando com Mapas: o mundo subdesenvolvido,Geografia
História Geral e Brasil,Historia
Atlas geográfico,Geografia
Imagens da organização,Administracao
História e Vida: Brasil - Pré - História à Independencia...,Historia
História Geológica da vida,Historia
Atlas Mundo Atual,Geografia
A Contra - Revolução na América Latina,Historia
Trabalhando com descrição,Literatura
A colonização da África e da Ásia: A expansão do imperialismo ...,Historia
Santa Catarina: 100 anos de História,Historia
Toda a História - História geral e do Brasil,Historia
O sistema de preços e a alocação de recursos,Administracao
Pequena história da medicina brasileira,Biologia
Administração Estratégica de Serviços: operações para a satisfação do aluno,Administracao
Modelos de gestão,Administracao
ISO 14001 - Manual de Implantação,Administracao
Fundamentos da Matemática,Matematica
300 propostas de artes visuais,Artes
Biologia 1,Biologia
O brilho de mil sóis: história da bomba atômica,Historia
Reforma Agrária: questão de terra ou de gente,Geografia
A Gaia Ciência,Historia
Museu do Prado (Madrid),Artes
Arqueologia,Historia
História e Consciência do Brasil,Historia
Noções de história da Filosofia,Historia
Nossa Bandeira,Historia
Projeto arte brasileira madernismo,Historia
Comportamento Humano nas Organizações,Administracao
500 anos de Brasil histórias e reflexões,Historia
Como seria sua vida na Grécia antiga?,Historia
História Geral da Artes - Artes decorativas 3,Historia
Desenho geométrico,Matematica
Curso de Desenhos e Pintura: pintura a óleo técnicas básicas,Artes
Revoluções na América Latina,Historia
Tratado de minerologia,Biologia
Comportamento humano nos organizações: o homem rumo ao século XXI,Administracao
Sistemas de informações para tomada de decisões,Administracao
O Brasil: da terra encantada à aldeia global,Artes
Panorama da História dos Estados Unidos,Historia
Administração de Recursos humanos,Administracao
Iniciando os conceitos da qualidade total,Administracao
História do Brasil da colônia à república,Historia
Uma História,Historia
Minimalismo,Artes
Atividade industrial e geografia econômica,Geografia
O apartheid,Historia
Geografia em Mapas: Continente Americano,Geografia
A Administração entre a tradição e a Renovação,Administracao
Análise das demonstrações financeiras,Administracao
A Ciência da Biologia,Biologia
Fanáticos e Sábios,Biologia
Literatura comentada: cronicas e viajantes,Historia
Teoria das Organizações: Evolução e Crítica,Administracao
Indios e Castanheiros,Historia
Curso de Ciências biologicas: Botânica,Biologia
Geografia: o mar no espaço geográfico brasileiro,Geografia
Matemática para o 2º grau - 3,Matematica
A Cavalaria  Mitos e Lendas,Historia
Matemática: contexto e aplicações - 3,Matematica
Pearl Harbor em chamas: EUA entram em guerra,Historia
Pão de Açúcar,Artes
As plantas e a água,Biologia
Rumos da História,Historia
Histologia,Biologia
Por que acredito,Historia
Histórias do Brasil,Historia
Fundamentos da Biologia,Biologia
Hstória,Historia
Panorama Geográfico   do Brasil,Geografia
Marcha para oeste,Historia
Jovens brasileiros: uma aventura literaria em 10 momentos da nossa história,Historia
Virando a própria mesa,Administracao
Anatomia do vegetal em desenvolvimento,Biologia
Geografia:Conexões Estudos de Geografia Geral e do Brasil,Geografia
Administração de Materiais,Administracao
Atlas atual: geografia,Geografia
Conexões: estudos de geografia geral e do Brasil,Geografia
Matemática contexto e aplicações,Matematica
Aulas práticas de Matemática - 2,Matematica
Biologia Viva,Biologia
Clássicos do romance brasileiro,Literatura
O que é Mito,Historia
A guerra de Piratininga,Historia
Reviver nossa arte,Artes
Os caminhos da qualidade: como vencer os desafios da economia global,Administracao
Literatura brasileira,Literatura
Guerra e poder na sociedade feudal,Historia
OR - A Aurora da Civilização,Historia
Pérola ao sol: A pontamentos para uma história de Guarujá,Historia
Ser protagonista - Matemática,Matematica
Calor,Geografia
Comportamento organizacional,Administracao
O que é imperalismo,Historia
História do Ensino Médio,Historia
Elementos de geometria analítica no espaço,Matematica
Fundamentos da Matemática Elementar:geometria plana,Matematica
Introdução à Ciência da Computação,Matematica
As heresias medievais,Historia
Delphi 7: aplicações avançadas de Banco de Dados,Matematica
Geografia - Estudos para compreensão do espaço,Geografia
Projeto arte brasileira academia,Historia
Introdução à administração de empresas,Administracao
Atlas Mundial,Geografia
Os elos da Matemática,Matematica
tempestade sobre as multinacionais,Administracao
Classes e camadas sociais no Brasil,Geografia
Competindo contra o tempo,Administracao
Biologia Essencial,Biologia
Arte literária brasileira,Literatura
Era verde? ecossistemas brasileiros ameaçados,Biologia
Os povos da América,Historia
A revolução chinesa,Historia
História para o ensino,Historia
Incrível atendimento ao aluno,Administracao
Leitura e Linguagem,Literatura
Hora da virada: aliados desembarcam na Itália,Historia
Abolição,Historia
Bio,Biologia
História global : Brasil  e Geral,Historia
Visita à Roma Antiga,Historia
Pequena viagem pelo mundo da arte,Artes
20.000 Léguas Matemática: um passeio pelo misterioso mundo dos númericos,Matematica
Povos Indígenas: Terras e Vida,Historia
O contra-ataque aliado no pacífico,Historia
Como a Argentina vai sair da crise: A Argentina do futuro...,Historia
História Geral da Arte - Arquitetura IV,Historia
Antologia da literatura brasileira: o Modernismo,Literatura
História das cavernas ao terceiro Milenio,Historia
Reviver nossa arte,Artes
Cinco Séculos de Brasil,Historia
Museu Arqueológico Nacional (Atenas),Artes
Onda aliada liberta Filipinas,Historia
Atlas da História do Mundo,Geografia
Matemática - Ensino Médio,Matematica
Platão: ousar a utopia,Historia
Bio 1,Biologia
Introdução à Administração,Administracao
Introducação ao Cálculo: Cálculo diferencial,Matematica
O que é Stalinismo,Historia
Comportamento Humano,Biologia
Fundamentos da Matemática:combinatória e probabilidade,Matematica
O fim da União Soviética: Dez Anos que abalaram o mundo,Historia
O que é uma sociedade justa? Introdução à prática da filosofia política,Historia
Os movimentos pop,Artes
A idéias de Bertrand Russell,Historia
Bio: Introdução a Biologia,Biologia
Os Sertões,Historia
História: Memória Viva- Idade Moderna e Contemporânea,Historia
Biologia1 - Citologia - Histologia,Biologia
Fundamentos da Matemática: geometria analítica,Matematica
Fundamentos de Matemática Elementar:conjuntos e funções,Matematica
Fundamentos de Matemática Elementar trigonométrica,Matematica
Introdução aos Estudos sociais,Historia
Edward Hopper: transformação do real,Artes
Fundamentos de Matemática elementar sequências,Matematica
A quinta disciplina: arte e práticas,Administracao
Senhores destas terras: Os Povos indígenas no Brasil da colônia aos nossos dias,Historia
Museu D'Orsay (Paris),Artes
Painting China for Pleasure and Profit,Artes
Em nome da segurança Nacional: Do golpe de 64 ao Início da Abertura,Historia
Batalha de Kursk marca colapso do nazismo,Historia
As Tribos do Mal,Historia
Administração: construindo vantagem competitiva,Administracao
Sistemas de informações gerenciais,Administracao
A construção do espetáculo,Artes
Notas de Cálculo 3,Matematica
A Arte da Felicidade no trabalho sua santidade,Artes
Os caminhos da vida  - estrutura e ação,Biologia
Rijksmuseum,Artes
A coluna prestes,Historia
Citações do Presidente Mao Tsé - Tung,Historia
Rumo ao Centro - Oeste: o Brasil em regiões,Geografia
O escravismo no Brasil,Historia
A hora do sul: O Brasil em Regiões,Historia
Oriente Médio: Uma região de Conflitos,Historia
A natureza do processo administrativo,Administracao
Guerra e paz no Oriente Médio,Historia
Biologia Hoje: Os Seres VIvos,Biologia
Riqueza das nações,Geografia
Iniciação a Administração geral,Administracao
Do contrato social: ensaio sobre origem das línguas,Historia
Atlas Visuais/ A terra,Historia
Geografia para o Ensino Médio,Geografia
Livro do amigo e  do amado,Historia
Implantando a administração estratégica,Administracao
Grandes Personagens da História Universal,Historia
Biologia: Os seres Vivos,Biologia
Matemática fundamental:uma nova abordagem,Matematica
O Brasil de Dutra e Vargas,Historia
Museu do Prado (Madrid),Artes
Fazendo a história: as sociedades americanas e a Europa na época moderna,Historia
A batalha de Monte cassino,Historia
Ciências Biológicas,Biologia
Evolução da Vida,Biologia
Teorias da Administração,Administracao
Rússia antes e depois da URSS,Historia
Biologia Geral,Biologia
